<scene>
	<group>
		<!--SOL-->
		<group>
			<scale X="6.963" Y="6.963" Z="6.963" />
			<models>
				<model file = "esfera.3d"/>
			</models>
		</group>
		<!--MERCURIO-->
		<group>
			<translate X="9.744" Y="0" Z="0" />
			<scale X="0.314" Y="0.314" Z="0.314" />
			<models>
				<model file = "esfera.3d"/>
			</models>
		</group>
		<!--VENUS-->
		<group>
			<translate X="11.696" Y="0" Z="0" />
			<scale X="0.645" Y="0.645" Z="0.645" />
			<models>
				<model file = "esfera.3d"/>
			</models>
		</group>
		<!--TERRA-->
		<group>
			<translate X="14.446" Y="0" Z="0" />
			<scale X="0.688" Y="0.688" Z="0.688" />
			<models>
				<model file = "esfera.3d"/>
			</models>
		</group>
		<!--MARTE-->
		<group>
			<translate X="18.226" Y="0" Z="0" />
			<scale X="0.437" Y="0.437" Z="0.437" />
			<models>
				<model file = "esfera.3d"/>
			</models>
		</group>
		<!--CINTURA-->
		<group>
			<rotate angle="0" X="0" Y="1" Z="0" />
			<!--ASTEROIDE-->
			<group>
				<translate X="17.1126" Y="-0.768835" Z="12.3191" />
				<scale X="0.0348625" Y="0.0348625" Z="0.0348625" />
				<models>
					<model file = "esferaAsteroide.3d"/>
				</models>
			</group>
		</group>
		<!--JUPITER-->
		<group>
			<translate X="32.44" Y="0" Z="0" />
			<scale X="2.984" Y="2.984" Z="2.984" />
			<models>
				<model file = "esfera.3d"/>
			</models>
		</group>
		<!--SATURNO-->
		<group>
			<translate X="46.639" Y="0" Z="0" />
			<scale X="2.914" Y="2.914" Z="2.914" />
			<models>
				<model file = "esfera.3d"/>
			</models>
		</group>
		<!--ANEIS_SATURNO-->
		<group>
			<translate X="46.639" Y="0" Z="0" />
			<scale X="2.914" Y="2.914" Z="2.914" />
			<models>
				<model file = "torus.3d"/>
			</models>
		</group>
		<!--URANO-->
		<group>
			<translate X="61.13" Y="0" Z="0" />
			<scale X="1.528" Y="1.528" Z="1.528" />
			<models>
				<model file = "esfera.3d"/>
			</models>
		</group>
		<!--NEPTUNO-->
		<group>
			<translate X="74.288" Y="0" Z="0" />
			<scale X="1.548" Y="1.548" Z="1.548" />
			<models>
				<model file = "esfera.3d"/>
			</models>
		</group>
	</group>
</scene>
