<scene>
	<group>
		<!--Foguetao-->
		<group>
			<scale X="0.8" Y="0.8" Z="0.8" />
			<models>
				<model file="cilindro.3d" />
			</models>
			<group>
				<translate X="0" Y="1" Z="0" />
			<scale X="0.8" Y="0.8" Z="0.8" />
				<models>
					<model file="cone.3d" />
				</models>
			</group>
			<group>
					<translate X="0" Y="1/4" Z="0" />
				<rotate angle="0" axisX="0" axisY="1" axisZ="0" />
				<group>
					<translate X="1" Y="0" Z="0" />
					<rotate angle="-135" axisX="0" axisY="0" axisZ="1" />
			<scale X="0.2" Y="0.2" Z="0.2" />
					<models>
						<model file="cone.3d" />
					</models>
				</group>
			</group>
			<group>
					<translate X="0" Y="1/4" Z="0" />
				<rotate angle="90" axisX="0" axisY="1" axisZ="0" />
				<group>
					<translate X="1" Y="0" Z="0" />
					<rotate angle="-135" axisX="0" axisY="0" axisZ="1" />
			<scale X="0.2" Y="0.2" Z="0.2" />
					<models>
						<model file="cone.3d" />
					</models>
				</group>
			</group>
			<group>
					<translate X="0" Y="1/4" Z="0" />
				<rotate angle="180" axisX="0" axisY="1" axisZ="0" />
				<group>
					<translate X="1" Y="0" Z="0" />
					<rotate angle="-135" axisX="0" axisY="0" axisZ="1" />
			<scale X="0.2" Y="0.2" Z="0.2" />
					<models>
						<model file="cone.3d" />
					</models>
				</group>
			</group>
			<group>
					<translate X="0" Y="1/4" Z="0" />
				<rotate angle="270" axisX="0" axisY="1" axisZ="0" />
				<group>
					<translate X="1" Y="0" Z="0" />
					<rotate angle="-135" axisX="0" axisY="0" axisZ="1" />
			<scale X="0.2" Y="0.2" Z="0.2" />
					<models>
						<model file="cone.3d" />
					</models>
				</group>
			</group>
		</group>
	</group>
</scene>
