<scene>
	<group>
		<!--MERCURIO-->
		<group>
			<translate X="5" Y="0" Z="0" />
			<scale X="0.314" Y="0.314" Z="0.314" />
			<models>
				<model file = "esfera.3d"/>
			</models>
		</group>
		<!--VENUS-->
		<group>
			<translate X="8.75" Y="0" Z="8.75" />
			<rotate angle="26" axisX="0" axisY="1" axisZ="0" />
			<scale X="0.645" Y="0.645" Z="0.645" />
			<models>
				<model file = "esfera.3d"/>
			</models>
		</group>
		<!--TERRA-->
		<group>
			<translate X="12.5" Y="0" Z="0" />
			<scale X="0.688" Y="0.688" Z="0.688" />
			<models>
				<model file = "esfera.3d"/>
			</models>
		</group>
		<!--MARTE-->
		<group>
			<translate X="18.75" Y="0" Z="18.75" />
			<rotate angle="18" axisX="0" axisY="1" axisZ="0" />
			<scale X="0.437" Y="0.437" Z="0.437" />
			<models>
				<model file = "esfera.3d"/>
			</models>
		</group>
		<!--CINTURA-->
		<group>
			<rotate angle="0" X="0" Y="1" Z="0" />
			<!--ASTEROIDE-->
			<group>
				<translate X="17.1126" Y="-0.768835" Z="12.3191" />
				<scale X="0.0348625" Y="0.0348625" Z="0.0348625" />
				<models>
					<model file = "esferaAsteroide.3d"/>
				</models>
			</group>
			<!--ASTEROIDE-->
			<group>
				<translate X="20.6666" Y="0.0981447" Z="-6.45075" />
				<scale X="0.0241325" Y="0.0241325" Z="0.0241325" />
				<models>
					<model file = "esferaAsteroide.3d"/>
				</models>
			</group>
			<!--ASTEROIDE-->
			<group>
				<translate X="-21.9156" Y="0.224404" Z="-9.513" />
				<scale X="0.0337542" Y="0.0337542" Z="0.0337542" />
				<models>
					<model file = "esferaAsteroide.3d"/>
				</models>
			</group>
			<!--ASTEROIDE-->
			<group>
				<translate X="11.7194" Y="-0.62667" Z="-18.0935" />
				<scale X="0.0376653" Y="0.0376653" Z="0.0376653" />
				<models>
					<model file = "esferaAsteroide.3d"/>
				</models>
			</group>
			<!--ASTEROIDE-->
			<group>
				<translate X="-9.92541" Y="0.522851" Z="21.5569" />
				<scale X="0.0223385" Y="0.0223385" Z="0.0223385" />
				<models>
					<model file = "esferaAsteroide.3d"/>
				</models>
			</group>
			<!--ASTEROIDE-->
			<group>
				<translate X="-19.4825" Y="0.0940115" Z="-12.7634" />
				<scale X="0.0387562" Y="0.0387562" Z="0.0387562" />
				<models>
					<model file = "esferaAsteroide.3d"/>
				</models>
			</group>
			<!--ASTEROIDE-->
			<group>
				<translate X="18.162" Y="-0.457569" Z="-11.5114" />
				<scale X="0.0200175" Y="0.0200175" Z="0.0200175" />
				<models>
					<model file = "esferaAsteroide.3d"/>
				</models>
			</group>
			<!--ASTEROIDE-->
			<group>
				<translate X="-22.4279" Y="0.663679" Z="6.70949" />
				<scale X="0.0418191" Y="0.0418191" Z="0.0418191" />
				<models>
					<model file = "esferaAsteroide.3d"/>
				</models>
			</group>
			<!--ASTEROIDE-->
			<group>
				<translate X="19.6175" Y="0.539926" Z="-11.3413" />
				<scale X="0.0578969" Y="0.0578969" Z="0.0578969" />
				<models>
					<model file = "esferaAsteroide.3d"/>
				</models>
			</group>
			<!--ASTEROIDE-->
			<group>
				<translate X="22.4199" Y="0.666214" Z="7.39528" />
				<scale X="0.0327614" Y="0.0327614" Z="0.0327614" />
				<models>
					<model file = "esferaAsteroide.3d"/>
				</models>
			</group>
		</group>
		<!--SATURNO-->
		<group>
			<translate X="118.75" Y="0" Z="118.75" />
			<rotate angle="3" axisX="0" axisY="1" axisZ="0" />
			<scale X="2.914" Y="2.914" Z="2.914" />
			<models>
				<model file = "esfera.3d"/>
			</models>
		</group>
		<!--ANEIS_SATURNO-->
		<group>
			<translate X="118.75" Y="0" Z="118.75" />
			<rotate angle="24" axisX="0" axisY="1" axisZ="0" />
			<scale X="2.914" Y="2.914" Z="2.914" />
			<models>
				<model file = "torus.3d"/>
			</models>
		</group>
		<!--URANO-->
		<group>
			<translate X="237.5" Y="0" Z="237.5" />
			<rotate angle="23" axisX="0" axisY="1" axisZ="0" />
			<scale X="1.528" Y="1.528" Z="1.528" />
			<models>
				<model file = "esfera.3d"/>
			</models>
		</group>
		<!--NEPTUNO-->
		<group>
			<translate X="375" Y="0" Z="375" />
			<rotate angle="12" axisX="0" axisY="1" axisZ="0" />
			<scale X="1.548" Y="1.548" Z="1.548" />
			<models>
				<model file = "esfera.3d"/>
			</models>
		</group>
		<!--Foguetao-->
		<group>
			<scale X="0.8" Y="0.8" Z="0.8" />
			<models>
				<model file="cylinder.3d>" />
			</models>
			<group>
				<translate X="0" Y="1" Z="0" />
			<scale X="0.8" Y="0.8" Z="0.8" />
				<models>
					<model file="cone.3d>" />
				</models>
			</group>
			<group>
					<translate X="0" Y="1/4" Z="0" />
				<rotate angle="0" axisX="0" axisY="1" axisZ="0" />
				<group>
					<translate X="1" Y="0" Z="0" />
					<rotate angle="-135" axisX="0" axisY="0" axisZ="1" />
			<scale X="0.2" Y="0.2" Z="0.2" />
					<models>
						<model file="cone.3d>" />
					</models>
				</group>
			</group>
			<group>
					<translate X="0" Y="1/4" Z="0" />
				<rotate angle="90" axisX="0" axisY="1" axisZ="0" />
				<group>
					<translate X="1" Y="0" Z="0" />
					<rotate angle="-135" axisX="0" axisY="0" axisZ="1" />
			<scale X="0.2" Y="0.2" Z="0.2" />
					<models>
						<model file="cone.3d>" />
					</models>
				</group>
			</group>
			<group>
					<translate X="0" Y="1/4" Z="0" />
				<rotate angle="180" axisX="0" axisY="1" axisZ="0" />
				<group>
					<translate X="1" Y="0" Z="0" />
					<rotate angle="-135" axisX="0" axisY="0" axisZ="1" />
			<scale X="0.2" Y="0.2" Z="0.2" />
					<models>
						<model file="cone.3d>" />
					</models>
				</group>
			</group>
			<group>
					<translate X="0" Y="1/4" Z="0" />
				<rotate angle="270" axisX="0" axisY="1" axisZ="0" />
				<group>
					<translate X="1" Y="0" Z="0" />
					<rotate angle="-135" axisX="0" axisY="0" axisZ="1" />
			<scale X="0.2" Y="0.2" Z="0.2" />
					<models>
						<model file="cone.3d>" />
					</models>
				</group>
			</group>
		</group>
	</group>
</scene>
