<scene>
	<group>
		<!--SOL-->
		<group>
		<lights>
			type = "POINT" X="0" Y="0" z="0" 
		</lights>
			<scale X="6.963" Y="6.963" Z="6.963" />
			<rotate time="60" axisX="0" axisY="1" axisZ="0" />
			<models>
				<model file = "esferaPlaneta.3d" texture = "sun.jpg" limit="E" raio="6.963" emiX="1" emiY="1" emiZ="1" shini="100" />
			</models>
		</group>
		<!--MERCURIO-->
		<group>
			<translate time="40">
				<point X="9.744" Y="0" Z="0" />
				<point X="7.88306" Y="0" Z="5.72738" />
				<point X="3.01106" Y="0" Z="9.2671" />
				<point X="-3.01106" Y="0" Z="9.26709" />
				<point X="-7.88306" Y="0" Z="5.72738" />
				<point X="-9.744" Y="0" Z="-8.51848e-07" />
				<point X="-7.88306" Y="0" Z="-5.72738" />
				<point X="-3.01106" Y="0" Z="-9.26709" />
				<point X="3.01106" Y="0" Z="-9.26709" />
				<point X="7.88306" Y="0" Z="-5.72738" />
			</translate>
			<rotate time="40" axisX="0" axisY="1" axisZ="0" />
			<scale X="0.314" Y="0.314" Z="0.314" />
			<models>
				<model file = "esferaPlaneta.3d" texture = "mercurio.jpg" limit="E" raio="0.314" emiX="0" emiY="0" emiZ="0" />
			</models>
		</group>
		<!--VENUS-->
		<group>
			<translate time="50">
				<point X="11.696" Y="0" Z="0" />
				<point X="9.46226" Y="0" Z="6.87474" />
				<point X="3.61426" Y="0" Z="11.1236" />
				<point X="-3.61426" Y="0" Z="11.1236" />
				<point X="-9.46226" Y="0" Z="6.87474" />
				<point X="-11.696" Y="0" Z="-1.0225e-06" />
				<point X="-9.46226" Y="0" Z="-6.87474" />
				<point X="-3.61426" Y="0" Z="-11.1236" />
				<point X="3.61426" Y="0" Z="-11.1236" />
				<point X="9.46227" Y="0" Z="-6.87473" />
			</translate>
			<rotate time="60" axisX="0" axisY="-1" axisZ="0" />
			<scale X="0.645" Y="0.645" Z="0.645" />
			<models>
				<model file = "esferaPlaneta.3d" texture = "venus.jpg" limit="E" raio="0.645" emiX="0" emiY="0" emiZ="0" />
			</models>
		</group>
		<!--TERRA-->
		<group>
			<translate time="60">
				<point X="14.446" Y="0" Z="0" />
				<point X="11.6871" Y="0" Z="8.49115" />
				<point X="4.46406" Y="0" Z="13.739" />
				<point X="-4.46406" Y="0" Z="13.739" />
				<point X="-11.6871" Y="0" Z="8.49115" />
				<point X="-14.446" Y="0" Z="-1.26291e-06" />
				<point X="-11.6871" Y="0" Z="-8.49115" />
				<point X="-4.46406" Y="0" Z="-13.739" />
				<point X="4.46406" Y="0" Z="-13.739" />
				<point X="11.6871" Y="0" Z="-8.49114" />
			</translate>
			<rotate angle="23" axisX="0" axisY="1" axisZ="1" />
			<group>
				<rotate time="35" axisX="0" axisY="1" axisZ="0" />
				<scale X="0.688" Y="0.688" Z="0.688" />
				<models>
					<model file = "esferaPlaneta.3d" texture = "terra.jpg" limit="E" raio="0.688" emiX="0" emiY="0" emiZ="0" />
				</models>
			<!--LUA-->
			<group>
				<translate time="15">
					<point X="2.064" Y="0" Z="0" />
					<point X="1.66981" Y="0" Z="1.21319" />
					<point X="0.637811" Y="0" Z="1.96298" />
					<point X="-0.637811" Y="0" Z="1.96298" />
					<point X="-1.66981" Y="0" Z="1.21319" />
					<point X="-2.064" Y="0" Z="-1.80441e-07" />
					<point X="-1.66981" Y="0" Z="-1.21319" />
					<point X="-0.637811" Y="0" Z="-1.96298" />
					<point X="0.637811" Y="0" Z="-1.96298" />
					<point X="1.66981" Y="0" Z="-1.21319" />
				</translate>
				<rotate time="20" axisX="0" axisY="1" axisZ="0" />
				<scale X="0.3" Y="0.3" Z="0.3" />
				<models>
					<model file = "esferaPlaneta.3d" texture = "lua.jpg" limit="E" raio="2.064" emiX="0" emiY="0" emiZ="0" />
				</models>
			</group>
			</group>
		</group>
		<!--MARTE-->
		<group>
			<translate time="90">
				<point X="18.226" Y="0" Z="0" />
				<point X="14.7451" Y="0" Z="10.713" />
				<point X="5.63214" Y="0" Z="17.334" />
				<point X="-5.63214" Y="0" Z="17.334" />
				<point X="-14.7451" Y="0" Z="10.713" />
				<point X="-18.226" Y="0" Z="-1.59337e-06" />
				<point X="-14.7451" Y="0" Z="-10.713" />
				<point X="-5.63215" Y="0" Z="-17.334" />
				<point X="5.63215" Y="0" Z="-17.334" />
				<point X="14.7451" Y="0" Z="-10.713" />
			</translate>
			<rotate angle="25" axisX="0" axisY="1" axisZ="1" />
			<group>
				<rotate time="37" axisX="0" axisY="1" axisZ="0" />
				<scale X="0.437" Y="0.437" Z="0.437" />
				<models>
					<model file = "esferaPlaneta.3d" texture = "marte.jpg" limit="E" raio="0.437" emiX="0" emiY="0" emiZ="0" />
				</models>
			</group>
		</group>
		<!--JUPITER-->
		<group>
			<translate time="150">
				<point X="32.44" Y="0" Z="0" />
				<point X="26.2445" Y="0" Z="19.0678" />
				<point X="10.0245" Y="0" Z="30.8523" />
				<point X="-10.0245" Y="0" Z="30.8523" />
				<point X="-26.2445" Y="0" Z="19.0678" />
				<point X="-32.44" Y="0" Z="-2.83599e-06" />
				<point X="-26.2445" Y="0" Z="-19.0678" />
				<point X="-10.0245" Y="0" Z="-30.8523" />
				<point X="10.0245" Y="0" Z="-30.8523" />
				<point X="26.2445" Y="0" Z="-19.0677" />
			</translate>
			<rotate angle="3" axisX="0" axisY="1" axisZ="1" />
			<group>
				<rotate time="30" axisX="0" axisY="1" axisZ="0" />
				<scale X="2.984" Y="2.984" Z="2.984" />
				<models>
					<model file = "esferaPlaneta.3d" texture = "jupiter.jpg" limit="E" raio="2.984" emiX="0" emiY="0" emiZ="0" />
				</models>
			</group>
		</group>
		<!--SATURNO-->
		<group>
			<translate time="200">
				<point X="46.639" Y="0" Z="0" />
				<point X="37.7317" Y="0" Z="27.4137" />
				<point X="14.4122" Y="0" Z="44.3563" />
				<point X="-14.4122" Y="0" Z="44.3563" />
				<point X="-37.7317" Y="0" Z="27.4137" />
				<point X="-46.639" Y="0" Z="-4.07731e-06" />
				<point X="-37.7317" Y="0" Z="-27.4137" />
				<point X="-14.4122" Y="0" Z="-44.3563" />
				<point X="14.4122" Y="0" Z="-44.3563" />
				<point X="37.7318" Y="0" Z="-27.4137" />
			</translate>
			<rotate angle="27" axisX="0" axisY="1" axisZ="1" />
			<group>
				<scale X="2.614" Y="2.614" Z="2.614" />
			<group>
				<rotate time="28" axisX="0" axisY="1" axisZ="0" />
				<models>
					<model file = "esferaPlaneta.3d" texture = "saturno.jpg" limit="E" raio="2.614" emiX="0" emiY="0" emiZ="0" />
				</models>
			</group>
				<!--ANEIS_SATURNO-->
				<group>
					<rotate angle="120" axisX="1" axisY="0.25" axisZ="0.25" />
					<scale X="1" Y="1" Z="0.01" />
					<models>
						<model file = "torusTex.3d" texture = "anel.jpg" limit="B" emiX="0" emiY="0" emiZ="0" />
						<P X="2.5" Y="-1" Z="2.5" />
						<P X="2.5" Y="-1" Z="-2.5" />
						<P X="-2.5" Y="-1" Z="2.5" />
						<P X="-2.5" Y="-1" Z="-2.5" />
						<P X="2.5" Y="1" Z="0.5" />
						<P X="2.5" Y="1" Z="-0.5" />
						<P X="-2.5" Y="1" Z="0.5" />
						<P X="-2.5" Y="1" Z="-0.5" />
					</models>
				</group>
			</group>
		</group>
		<!--URANO-->
		<group>
			<translate time="225">
				<point X="62.13" Y="0" Z="0" />
				<point X="50.2642" Y="0" Z="36.5191" />
				<point X="19.1992" Y="0" Z="59.0891" />
				<point X="-19.1992" Y="0" Z="59.0891" />
				<point X="-50.2642" Y="0" Z="36.5191" />
				<point X="-62.13" Y="0" Z="-5.43158e-06" />
				<point X="-50.2642" Y="0" Z="-36.5191" />
				<point X="-19.1992" Y="0" Z="-59.0891" />
				<point X="19.1992" Y="0" Z="-59.0891" />
				<point X="50.2642" Y="0" Z="-36.5191" />
			</translate>
			<rotate angle="98" axisX="1" axisY="0" axisZ="0" />
			<group>
				<rotate time="25" axisX="1" axisY="0" axisZ="0" />
				<scale X="1.528" Y="1.528" Z="1.528" />
				<models>
					<model file = "esferaPlaneta.3d" texture = "urano.jpg" limit="E" raio="1.528" emiX="0" emiY="0" emiZ="0" />
				</models>
			</group>
		</group>
		<!--NEPTUNO-->
		<group>
			<translate time="250">
				<point X="78.888" Y="0" Z="0" />
				<point X="63.8217" Y="0" Z="46.3692" />
				<point X="24.3777" Y="0" Z="75.0269" />
				<point X="-24.3777" Y="0" Z="75.0269" />
				<point X="-63.8217" Y="0" Z="46.3692" />
				<point X="-78.888" Y="0" Z="-6.89661e-06" />
				<point X="-63.8217" Y="0" Z="-46.3692" />
				<point X="-24.3777" Y="0" Z="-75.0269" />
				<point X="24.3777" Y="0" Z="-75.0269" />
				<point X="63.8218" Y="0" Z="-46.3692" />
			</translate>
			<rotate angle="28" axisX="0" axisY="1" axisZ="1" />
			<group>
				<rotate time="20" axisX="0" axisY="1" axisZ="0" />
				<scale X="1.448" Y="1.448" Z="1.448" />
				<models>
					<model file = "esferaPlaneta.3d" texture = "neptuno.jpg" limit="E" raio="1.448" emiX="0" emiY="0" emiZ="0" />
				</models>
			</group>
		</group>
		<!--Foguetao-->
		<group>
			<translate time="50">
				<point X="-34" Y="-34" Z="0" />
				<point X="-34" Y="34" Z="0" />
				<point X="34" Y="34" Z="0" />
				<point X="69" Y="0" Z="0" />
				<point X="34" Y="-34" Z="0" />
			</translate>
			<rotate angle="-90" axisX="0" axisY="0" axisZ="1" />
			<scale X="0.8" Y="0.8" Z="0.8" />
			<models>
				<model file="cilindroTex.3d" texture = "cilindro.jpg" limit="B" emiX="0" emiY="0" emiZ="0" />
				<P X="0.5" Y="0" Z="0.5" />
				<P X="-0.5" Y="0" Z="-0.5" />
				<P X="-0.5" Y="0" Z="0.5" />
				<P X="0.5" Y="0" Z="-0.5" />
				<P X="0.5" Y="1" Z="0.5" />
				<P X="-0.5" Y="1" Z="-0.5" />
				<P X="-0.5" Y="1" Z="0.5" />
				<P X="0.5" Y="1" Z="-0.5" />
			</models>
			<group>
				<translate X="0" Y="1" Z="0" />
			<scale X="0.8" Y="0.8" Z="0.8" />
				<models>
					<model file="coneTex.3d" texture = "cone.jpg" limit="B" emiX="0" emiY="0" emiZ="0" />
					<P X="0.5" Y="0" Z="0.5" />
					<P X="-0.5" Y="0" Z="-0.5" />
					<P X="-0.5" Y="0" Z="0.5" />
					<P X="0.5" Y="0" Z="-0.5" />
					<P X="0.5" Y="1" Z="0.5" />
					<P X="-0.5" Y="1" Z="-0.5" />
					<P X="-0.5" Y="1" Z="0.5" />
					<P X="0.5" Y="1" Z="-0.5" />
				</models>
			</group>
			<group>
					<translate X="0" Y="0.25" Z="0" />
				<rotate angle="0" axisX="0" axisY="1" axisZ="0" />
				<group>
					<translate X="0.4" Y="0" Z="0" />
					<rotate angle="-135" axisX="0" axisY="0" axisZ="1" />
			<scale X="0.3" Y="0.7" Z="0.3" />
					<models>
						<model file="coneTex.3d" texture = "cone.jpg" limit="B" emiX="0" emiY="0" emiZ="0" />
						<P X="0.5" Y="0" Z="0.5" />
						<P X="-0.5" Y="0" Z="-0.5" />
						<P X="-0.5" Y="0" Z="0.5" />
						<P X="0.5" Y="0" Z="-0.5" />
						<P X="0.5" Y="1" Z="0.5" />
						<P X="-0.5" Y="1" Z="-0.5" />
						<P X="-0.5" Y="1" Z="0.5" />
						<P X="0.5" Y="1" Z="-0.5" />
					</models>
				</group>
			</group>
			<group>
					<translate X="0" Y="0.25" Z="0" />
				<rotate angle="90" axisX="0" axisY="1" axisZ="0" />
				<group>
					<translate X="0.4" Y="0" Z="0" />
					<rotate angle="-135" axisX="0" axisY="0" axisZ="1" />
			<scale X="0.3" Y="0.7" Z="0.3" />
					<models>
						<model file="coneTex.3d" texture = "cone.jpg" limit="B" emiX="0" emiY="0" emiZ="0" />
						<P X="0.5" Y="0" Z="0.5" />
						<P X="-0.5" Y="0" Z="-0.5" />
						<P X="-0.5" Y="0" Z="0.5" />
						<P X="0.5" Y="0" Z="-0.5" />
						<P X="0.5" Y="1" Z="0.5" />
						<P X="-0.5" Y="1" Z="-0.5" />
						<P X="-0.5" Y="1" Z="0.5" />
						<P X="0.5" Y="1" Z="-0.5" />
					</models>
				</group>
			</group>
			<group>
					<translate X="0" Y="0.25" Z="0" />
				<rotate angle="180" axisX="0" axisY="1" axisZ="0" />
				<group>
					<translate X="0.4" Y="0" Z="0" />
					<rotate angle="-135" axisX="0" axisY="0" axisZ="1" />
			<scale X="0.3" Y="0.7" Z="0.3" />
					<models>
						<model file="coneTex.3d" texture = "cone.jpg" limit="B" emiX="0" emiY="0" emiZ="0" />
						<P X="0.5" Y="0" Z="0.5" />
						<P X="-0.5" Y="0" Z="-0.5" />
						<P X="-0.5" Y="0" Z="0.5" />
						<P X="0.5" Y="0" Z="-0.5" />
						<P X="0.5" Y="1" Z="0.5" />
						<P X="-0.5" Y="1" Z="-0.5" />
						<P X="-0.5" Y="1" Z="0.5" />
						<P X="0.5" Y="1" Z="-0.5" />
					</models>
				</group>
			</group>
			<group>
					<translate X="0" Y="0.25" Z="0" />
				<rotate angle="270" axisX="0" axisY="1" axisZ="0" />
				<group>
					<translate X="0.4" Y="0" Z="0" />
					<rotate angle="-135" axisX="0" axisY="0" axisZ="1" />
			<scale X="0.3" Y="0.7" Z="0.3" />
					<models>
						<model file="coneTex.3d" texture = "cone.jpg" limit="B" emiX="0" emiY="0" emiZ="0" />
						<P X="0.5" Y="0" Z="0.5" />
						<P X="-0.5" Y="0" Z="-0.5" />
						<P X="-0.5" Y="0" Z="0.5" />
						<P X="0.5" Y="0" Z="-0.5" />
						<P X="0.5" Y="1" Z="0.5" />
						<P X="-0.5" Y="1" Z="-0.5" />
						<P X="-0.5" Y="1" Z="0.5" />
						<P X="0.5" Y="1" Z="-0.5" />
					</models>
				</group>
			</group>
		</group>
	</group>
</scene>
