<scene>
	<group>
		<!--SOL-->
		<group>
		<lights>
			type = "POINT" X="0" Y="0" z="0" 
		</lights>
			<scale X="6.963" Y="6.963" Z="6.963" />
			<rotate time="60" axisX="0" axisY="1" axisZ="0" />
			<models>
				<model file = "esferaPlaneta.3d" texture = "sun.jpg" limit="E" raio="6.963" emiR="1" emiG="1" emiB="1" shine="100" />
			</models>
		</group>
		<!--MERCURIO-->
		<group>
			<translate time="40">
				<point X="9.744" Y="0" Z="0" />
				<point X="7.88306" Y="0" Z="5.72738" />
				<point X="3.01106" Y="0" Z="9.2671" />
				<point X="-3.01106" Y="0" Z="9.26709" />
				<point X="-7.88306" Y="0" Z="5.72738" />
				<point X="-9.744" Y="0" Z="-8.51848e-07" />
				<point X="-7.88306" Y="0" Z="-5.72738" />
				<point X="-3.01106" Y="0" Z="-9.26709" />
				<point X="3.01106" Y="0" Z="-9.26709" />
				<point X="7.88306" Y="0" Z="-5.72738" />
			</translate>
			<rotate time="40" axisX="0" axisY="1" axisZ="0" />
			<scale X="0.314" Y="0.314" Z="0.314" />
			<models>
				<model file = "esferaPlaneta.3d" texture = "mercurio.jpg" limit="E" raio="0.314" />
			</models>
		</group>
		<!--VENUS-->
		<group>
			<translate time="50">
				<point X="11.696" Y="0" Z="0" />
				<point X="9.46226" Y="0" Z="6.87474" />
				<point X="3.61426" Y="0" Z="11.1236" />
				<point X="-3.61426" Y="0" Z="11.1236" />
				<point X="-9.46226" Y="0" Z="6.87474" />
				<point X="-11.696" Y="0" Z="-1.0225e-06" />
				<point X="-9.46226" Y="0" Z="-6.87474" />
				<point X="-3.61426" Y="0" Z="-11.1236" />
				<point X="3.61426" Y="0" Z="-11.1236" />
				<point X="9.46227" Y="0" Z="-6.87473" />
			</translate>
			<rotate time="60" axisX="0" axisY="-1" axisZ="0" />
			<scale X="0.645" Y="0.645" Z="0.645" />
			<models>
				<model file = "esferaPlaneta.3d" texture = "venus.jpg" limit="E" raio="0.645" />
			</models>
		</group>
		<!--TERRA-->
		<group>
			<translate time="60">
				<point X="14.446" Y="0" Z="0" />
				<point X="11.6871" Y="0" Z="8.49115" />
				<point X="4.46406" Y="0" Z="13.739" />
				<point X="-4.46406" Y="0" Z="13.739" />
				<point X="-11.6871" Y="0" Z="8.49115" />
				<point X="-14.446" Y="0" Z="-1.26291e-06" />
				<point X="-11.6871" Y="0" Z="-8.49115" />
				<point X="-4.46406" Y="0" Z="-13.739" />
				<point X="4.46406" Y="0" Z="-13.739" />
				<point X="11.6871" Y="0" Z="-8.49114" />
			</translate>
			<rotate angle="23" axisX="0" axisY="1" axisZ="1" />
			<group>
				<rotate time="35" axisX="0" axisY="1" axisZ="0" />
				<scale X="0.688" Y="0.688" Z="0.688" />
				<models>
					<model file = "esferaPlaneta.3d" texture = "terra.jpg" limit="E" raio="0.688" />
				</models>
			<!--LUA-->
			<group>
				<translate time="15">
					<point X="2.064" Y="0" Z="0" />
					<point X="1.66981" Y="0" Z="1.21319" />
					<point X="0.637811" Y="0" Z="1.96298" />
					<point X="-0.637811" Y="0" Z="1.96298" />
					<point X="-1.66981" Y="0" Z="1.21319" />
					<point X="-2.064" Y="0" Z="-1.80441e-07" />
					<point X="-1.66981" Y="0" Z="-1.21319" />
					<point X="-0.637811" Y="0" Z="-1.96298" />
					<point X="0.637811" Y="0" Z="-1.96298" />
					<point X="1.66981" Y="0" Z="-1.21319" />
				</translate>
				<rotate time="20" axisX="0" axisY="1" axisZ="0" />
				<scale X="0.3" Y="0.3" Z="0.3" />
				<models>
					<model file = "esferaPlaneta.3d" texture = "lua.jpg" limit="E" raio="2.064" />
				</models>
			</group>
			</group>
		</group>
		<!--MARTE-->
		<group>
			<translate time="90">
				<point X="18.226" Y="0" Z="0" />
				<point X="14.7451" Y="0" Z="10.713" />
				<point X="5.63214" Y="0" Z="17.334" />
				<point X="-5.63214" Y="0" Z="17.334" />
				<point X="-14.7451" Y="0" Z="10.713" />
				<point X="-18.226" Y="0" Z="-1.59337e-06" />
				<point X="-14.7451" Y="0" Z="-10.713" />
				<point X="-5.63215" Y="0" Z="-17.334" />
				<point X="5.63215" Y="0" Z="-17.334" />
				<point X="14.7451" Y="0" Z="-10.713" />
			</translate>
			<rotate angle="25" axisX="0" axisY="1" axisZ="1" />
			<group>
				<rotate time="37" axisX="0" axisY="1" axisZ="0" />
				<scale X="0.437" Y="0.437" Z="0.437" />
				<models>
					<model file = "esferaPlaneta.3d" texture = "marte.jpg" limit="E" raio="0.437" />
				</models>
			</group>
		</group>
		<!--CINTURA-->
		<group>
			<!--ASTEROIDE-->
			<group>
			<translate time="113" NC="ND">
				<point X="6.5158" Y="-0.793374" Z="-20.0536" />
				<point X="17.0586" Y="0.0981447" Z="-12.3938" />
				<point X="21.0856" Y="0.927475" Z="0" />
				<point X="17.0586" Y="0.130931" Z="12.3938" />
				<point X="6.5158" Y="-0.312288" Z="20.0536" />
				<point X="-6.5158" Y="0.224404" Z="20.0536" />
				<point X="-17.0586" Y="-0.628438" Z="12.3938" />
				<point X="-21.0856" Y="0.683808" Z="-1.84336e-06" />
				<point X="-17.0586" Y="-0.116733" Z="-12.3938" />
				<point X="-6.5158" Y="-0.62667" Z="-20.0536" />
			</translate>
			<group>
				<scale X="0.0348625" Y="0.0348625" Z="0.0348625" />
				<models>
					<model file = "esferaAsteroide.3d" texture="asteroide.jpg" limit="E" raio="0.0348625" />
				</models>
			</group>
			</group>
			<!--ASTEROIDE-->
			<group>
			<translate time="120" NC="ND">
				<point X="-7.33363" Y="-0.0621905" Z="22.5706" />
				<point X="-19.1997" Y="0.0940115" Z="13.9494" />
				<point X="-23.7321" Y="-0.664777" Z="-2.07473e-06" />
				<point X="-19.1997" Y="0.821105" Z="-13.9494" />
				<point X="-7.33363" Y="-0.999123" Z="-22.5706" />
				<point X="7.33363" Y="-0.457569" Z="-22.5706" />
				<point X="19.1997" Y="0.606639" Z="-13.9494" />
				<point X="23.7321" Y="-0.0920676" Z="0" />
				<point X="19.1997" Y="0.0909525" Z="13.9494" />
				<point X="7.33363" Y="0.663679" Z="22.5706" />
			</translate>
			<group>
				<scale X="0.0223385" Y="0.0223385" Z="0.0223385" />
				<models>
					<model file = "esferaAsteroide.3d" texture="asteroide.jpg" limit="E" raio="0.0223385" />
				</models>
			</group>
			</group>
			<!--ASTEROIDE-->
			<group>
			<translate time="81" NC="ND">
				<point X="-18.3323" Y="-0.361929" Z="-13.3192" />
				<point X="-7.00232" Y="0.666214" Z="-21.5509" />
				<point X="7.00232" Y="0.232401" Z="-21.5509" />
				<point X="18.3323" Y="0.325783" Z="-13.3192" />
				<point X="22.66" Y="-0.109381" Z="0" />
				<point X="18.3323" Y="0.603963" Z="13.3192" />
				<point X="7.00231" Y="0.00959122" Z="21.5509" />
				<point X="-7.00231" Y="0.773886" Z="21.5509" />
				<point X="-18.3323" Y="0.977294" Z="13.3192" />
				<point X="-22.66" Y="-0.168995" Z="-1.981e-06" />
			</translate>
			<group>
				<scale X="0.0578969" Y="0.0578969" Z="0.0578969" />
				<models>
					<model file = "esferaAsteroide.3d" texture="asteroide.jpg" limit="E" raio="0.0578969" />
				</models>
			</group>
			</group>
			<!--ASTEROIDE-->
			<group>
			<translate time="79" NC="ND">
				<point X="17.4888" Y="0.0329417" Z="-12.7063" />
				<point X="21.6173" Y="0.614653" Z="0" />
				<point X="17.4888" Y="0.11277" Z="12.7064" />
				<point X="6.68012" Y="0.0338184" Z="20.5593" />
				<point X="-6.68013" Y="-0.842916" Z="20.5593" />
				<point X="-17.4888" Y="-0.280591" Z="12.7064" />
				<point X="-21.6173" Y="0.941751" Z="-1.88985e-06" />
				<point X="-17.4888" Y="0.248037" Z="-12.7064" />
				<point X="-6.68013" Y="-0.616912" Z="-20.5593" />
				<point X="6.68013" Y="0.0483919" Z="-20.5593" />
			</translate>
			<group>
				<scale X="0.0270771" Y="0.0270771" Z="0.0270771" />
				<models>
					<model file = "esferaAsteroide.3d" texture="asteroide.jpg" limit="E" raio="0.0270771" />
				</models>
			</group>
			</group>
			<!--ASTEROIDE-->
			<group>
			<translate time="116" NC="ND">
				<point X="22.6232" Y="-0.512931" Z="0" />
				<point X="18.3025" Y="0.611803" Z="13.2976" />
				<point X="6.99094" Y="-0.447828" Z="21.5159" />
				<point X="-6.99095" Y="0.377687" Z="21.5159" />
				<point X="-18.3025" Y="0.215767" Z="13.2976" />
				<point X="-22.6232" Y="0.561763" Z="-1.97778e-06" />
				<point X="-18.3025" Y="0.151573" Z="-13.2976" />
				<point X="-6.99095" Y="0.193061" Z="-21.5159" />
				<point X="6.99095" Y="-0.607232" Z="-21.5159" />
				<point X="18.3025" Y="0.563131" Z="-13.2976" />
			</translate>
			<group>
				<scale X="0.0317664" Y="0.0317664" Z="0.0317664" />
				<models>
					<model file = "esferaAsteroide.3d" texture="asteroide.jpg" limit="E" raio="0.0317664" />
				</models>
			</group>
			</group>
			<!--ASTEROIDE-->
			<group>
			<translate time="63" NC="ND">
				<point X="7.08605" Y="-0.818635" Z="-21.8086" />
				<point X="18.5515" Y="0.15106" Z="-13.4785" />
				<point X="22.9309" Y="0.568821" Z="0" />
				<point X="18.5515" Y="-0.661551" Z="13.4785" />
				<point X="7.08604" Y="0.870469" Z="21.8086" />
				<point X="-7.08605" Y="0.510572" Z="21.8086" />
				<point X="-18.5515" Y="0.586486" Z="13.4785" />
				<point X="-22.9309" Y="-0.746443" Z="-2.00468e-06" />
				<point X="-18.5515" Y="-0.441037" Z="-13.4785" />
				<point X="-7.08605" Y="-0.331398" Z="-21.8086" />
			</translate>
			<group>
				<scale X="0.0500412" Y="0.0500412" Z="0.0500412" />
				<models>
					<model file = "esferaAsteroide.3d" texture="asteroide.jpg" limit="E" raio="0.0500412" />
				</models>
			</group>
			</group>
			<!--ASTEROIDE-->
			<group>
			<translate time="101" NC="ND">
				<point X="-6.73572" Y="-0.477305" Z="-20.7304" />
				<point X="6.73572" Y="-0.0741575" Z="-20.7304" />
				<point X="17.6343" Y="0.354213" Z="-12.8121" />
				<point X="21.7972" Y="0.738462" Z="0" />
				<point X="17.6343" Y="-0.512394" Z="12.8121" />
				<point X="6.73571" Y="-0.494214" Z="20.7304" />
				<point X="-6.73572" Y="-0.0684777" Z="20.7304" />
				<point X="-17.6343" Y="-0.119626" Z="12.8121" />
				<point X="-21.7972" Y="-0.931083" Z="-1.90557e-06" />
				<point X="-17.6343" Y="-0.781197" Z="-12.8121" />
			</translate>
			<group>
				<scale X="0.0497891" Y="0.0497891" Z="0.0497891" />
				<models>
					<model file = "esferaAsteroide.3d" texture="asteroide.jpg" limit="E" raio="0.0497891" />
				</models>
			</group>
			</group>
			<!--ASTEROIDE-->
			<group>
			<translate time="127" NC="ND">
				<point X="7.24351" Y="-0.183653" Z="22.2932" />
				<point X="-7.24351" Y="0.6748" Z="22.2932" />
				<point X="-18.9638" Y="0.305328" Z="13.778" />
				<point X="-23.4405" Y="-0.313184" Z="-2.04923e-06" />
				<point X="-18.9638" Y="0.185372" Z="-13.778" />
				<point X="-7.24351" Y="-0.108186" Z="-22.2932" />
				<point X="7.24351" Y="-0.0596267" Z="-22.2932" />
				<point X="18.9638" Y="0.744335" Z="-13.778" />
				<point X="23.4405" Y="0.560416" Z="0" />
				<point X="18.9638" Y="0.471863" Z="13.778" />
			</translate>
			<group>
				<scale X="0.0357103" Y="0.0357103" Z="0.0357103" />
				<models>
					<model file = "esferaAsteroide.3d" texture="asteroide.jpg" limit="E" raio="0.0357103" />
				</models>
			</group>
			</group>
			<!--ASTEROIDE-->
			<group>
			<translate time="110" NC="ND">
				<point X="-6.90264" Y="-0.80887" Z="21.2442" />
				<point X="-18.0714" Y="-0.619389" Z="13.1296" />
				<point X="-22.3374" Y="-0.356089" Z="-1.9528e-06" />
				<point X="-18.0714" Y="-0.321264" Z="-13.1296" />
				<point X="-6.90265" Y="-0.113603" Z="-21.2442" />
				<point X="6.90265" Y="0.575433" Z="-21.2442" />
				<point X="18.0714" Y="0.55911" Z="-13.1296" />
				<point X="22.3374" Y="-0.0446864" Z="0" />
				<point X="18.0714" Y="0.794236" Z="13.1296" />
				<point X="6.90264" Y="0.186108" Z="21.2442" />
			</translate>
			<group>
				<scale X="0.0276551" Y="0.0276551" Z="0.0276551" />
				<models>
					<model file = "esferaAsteroide.3d" texture="asteroide.jpg" limit="E" raio="0.0276551" />
				</models>
			</group>
			</group>
			<!--ASTEROIDE-->
			<group>
			<translate time="108" NC="ND">
				<point X="-6.73331" Y="-0.692929" Z="-20.723" />
				<point X="6.73331" Y="-0.148042" Z="-20.723" />
				<point X="17.628" Y="-0.645441" Z="-12.8075" />
				<point X="21.7894" Y="0.492443" Z="0" />
				<point X="17.628" Y="0.743773" Z="12.8075" />
				<point X="6.73331" Y="0.294932" Z="20.723" />
				<point X="-6.73331" Y="0.236778" Z="20.723" />
				<point X="-17.628" Y="0.304189" Z="12.8075" />
				<point X="-21.7894" Y="-0.233205" Z="-1.90489e-06" />
				<point X="-17.628" Y="-0.871605" Z="-12.8075" />
			</translate>
			<group>
				<scale X="0.0370279" Y="0.0370279" Z="0.0370279" />
				<models>
					<model file = "esferaAsteroide.3d" texture="asteroide.jpg" limit="E" raio="0.0370279" />
				</models>
			</group>
			</group>
			<!--ASTEROIDE-->
			<group>
			<translate time="135" NC="ND">
				<point X="-6.65347" Y="0.76107" Z="20.4773" />
				<point X="-17.419" Y="-0.301091" Z="12.6557" />
				<point X="-21.5311" Y="-0.736452" Z="-1.88231e-06" />
				<point X="-17.419" Y="-0.352533" Z="-12.6557" />
				<point X="-6.65348" Y="-0.725658" Z="-20.4773" />
				<point X="6.65348" Y="0.822658" Z="-20.4773" />
				<point X="17.419" Y="0.602781" Z="-12.6557" />
				<point X="21.5311" Y="-0.931422" Z="0" />
				<point X="17.419" Y="0.00876634" Z="12.6557" />
				<point X="6.65347" Y="-0.870928" Z="20.4773" />
			</translate>
			<group>
				<scale X="0.0478737" Y="0.0478737" Z="0.0478737" />
				<models>
					<model file = "esferaAsteroide.3d" texture="asteroide.jpg" limit="E" raio="0.0478737" />
				</models>
			</group>
			</group>
			<!--ASTEROIDE-->
			<group>
			<translate time="141" NC="ND">
				<point X="6.78987" Y="0.0469176" Z="20.8971" />
				<point X="-6.78988" Y="0.882463" Z="20.8971" />
				<point X="-17.7761" Y="-0.439144" Z="12.9151" />
				<point X="-21.9725" Y="-0.20931" Z="-1.9209e-06" />
				<point X="-17.7761" Y="0.177395" Z="-12.9151" />
				<point X="-6.78988" Y="0.797635" Z="-20.8971" />
				<point X="6.78988" Y="-0.905121" Z="-20.8971" />
				<point X="17.7761" Y="0.94419" Z="-12.9151" />
				<point X="21.9725" Y="0.92603" Z="0" />
				<point X="17.7761" Y="-0.551059" Z="12.9151" />
			</translate>
			<group>
				<scale X="0.0352268" Y="0.0352268" Z="0.0352268" />
				<models>
					<model file = "esferaAsteroide.3d" texture="asteroide.jpg" limit="E" raio="0.0352268" />
				</models>
			</group>
			</group>
			<!--ASTEROIDE-->
			<group>
			<translate time="89" NC="ND">
				<point X="6.99633" Y="0.847646" Z="21.5325" />
				<point X="-6.99633" Y="0.168074" Z="21.5325" />
				<point X="-18.3166" Y="-0.762062" Z="13.3078" />
				<point X="-22.6406" Y="-0.878013" Z="-1.9793e-06" />
				<point X="-18.3166" Y="-0.00926749" Z="-13.3078" />
				<point X="-6.99634" Y="0.840719" Z="-21.5325" />
				<point X="6.99634" Y="-0.809435" Z="-21.5325" />
				<point X="18.3166" Y="0.999499" Z="-13.3078" />
				<point X="22.6406" Y="0.969791" Z="0" />
				<point X="18.3166" Y="-0.161106" Z="13.3078" />
			</translate>
			<group>
				<scale X="0.056588" Y="0.056588" Z="0.056588" />
				<models>
					<model file = "esferaAsteroide.3d" texture="asteroide.jpg" limit="E" raio="0.056588" />
				</models>
			</group>
			</group>
			<!--ASTEROIDE-->
			<group>
			<translate time="53" NC="ND">
				<point X="-19.2461" Y="0.270028" Z="13.9831" />
				<point X="-23.7895" Y="-0.639597" Z="-2.07974e-06" />
				<point X="-19.2461" Y="-0.128539" Z="-13.9831" />
				<point X="-7.35136" Y="-0.552576" Z="-22.6252" />
				<point X="7.35136" Y="-0.841962" Z="-22.6252" />
				<point X="19.2461" Y="-0.0336595" Z="-13.9831" />
				<point X="23.7895" Y="-0.608386" Z="0" />
				<point X="19.2461" Y="-0.915932" Z="13.9831" />
				<point X="7.35136" Y="0.415281" Z="22.6252" />
				<point X="-7.35136" Y="0.485353" Z="22.6252" />
			</translate>
			<group>
				<scale X="0.0406771" Y="0.0406771" Z="0.0406771" />
				<models>
					<model file = "esferaAsteroide.3d" texture="asteroide.jpg" limit="E" raio="0.0406771" />
				</models>
			</group>
			</group>
			<!--ASTEROIDE-->
			<group>
			<translate time="82" NC="ND">
				<point X="-23.1057" Y="0.476381" Z="-2.01996e-06" />
				<point X="-18.6929" Y="0.07309" Z="-13.5812" />
				<point X="-7.14005" Y="-0.396277" Z="-21.9748" />
				<point X="7.14005" Y="-0.532886" Z="-21.9748" />
				<point X="18.6929" Y="-0.0861909" Z="-13.5812" />
				<point X="23.1057" Y="-0.205712" Z="0" />
				<point X="18.6929" Y="-0.533387" Z="13.5812" />
				<point X="7.14005" Y="-0.1164" Z="21.9748" />
				<point X="-7.14005" Y="0.633182" Z="21.9748" />
				<point X="-18.6929" Y="-0.673727" Z="13.5812" />
			</translate>
			<group>
				<scale X="0.0326818" Y="0.0326818" Z="0.0326818" />
				<models>
					<model file = "esferaAsteroide.3d" texture="asteroide.jpg" limit="E" raio="0.0326818" />
				</models>
			</group>
			</group>
			<!--ASTEROIDE-->
			<group>
			<translate time="99" NC="ND">
				<point X="23.4221" Y="0.774684" Z="0" />
				<point X="18.9489" Y="0.619267" Z="13.7672" />
				<point X="7.23783" Y="0.431291" Z="22.2757" />
				<point X="-7.23783" Y="0.932722" Z="22.2757" />
				<point X="-18.9489" Y="-0.414392" Z="13.7672" />
				<point X="-23.4221" Y="0.822905" Z="-2.04763e-06" />
				<point X="-18.9489" Y="-0.98321" Z="-13.7672" />
				<point X="-7.23783" Y="-0.999111" Z="-22.2757" />
				<point X="7.23783" Y="0.308258" Z="-22.2757" />
				<point X="18.9489" Y="0.420572" Z="-13.7672" />
			</translate>
			<group>
				<scale X="0.0542768" Y="0.0542768" Z="0.0542768" />
				<models>
					<model file = "esferaAsteroide.3d" texture="asteroide.jpg" limit="E" raio="0.0542768" />
				</models>
			</group>
			</group>
			<!--ASTEROIDE-->
			<group>
			<translate time="134" NC="ND">
				<point X="7.06671" Y="0.153812" Z="21.7491" />
				<point X="-7.06671" Y="0.0278073" Z="21.7491" />
				<point X="-18.5009" Y="0.672374" Z="13.4417" />
				<point X="-22.8684" Y="-0.932379" Z="-1.99922e-06" />
				<point X="-18.5009" Y="0.822095" Z="-13.4417" />
				<point X="-7.06671" Y="-0.861013" Z="-21.7491" />
				<point X="7.06671" Y="-0.0487789" Z="-21.7491" />
				<point X="18.5009" Y="0.455277" Z="-13.4417" />
				<point X="22.8684" Y="-0.53474" Z="0" />
				<point X="18.5009" Y="-0.434045" Z="13.4417" />
			</translate>
			<group>
				<scale X="0.0545776" Y="0.0545776" Z="0.0545776" />
				<models>
					<model file = "esferaAsteroide.3d" texture="asteroide.jpg" limit="E" raio="0.0545776" />
				</models>
			</group>
			</group>
			<!--ASTEROIDE-->
			<group>
			<translate time="102" NC="ND">
				<point X="-21.1835" Y="-0.510614" Z="-1.85192e-06" />
				<point X="-17.1378" Y="-0.405744" Z="-12.4513" />
				<point X="-6.54605" Y="0.68764" Z="-20.1467" />
				<point X="6.54605" Y="0.0749933" Z="-20.1467" />
				<point X="17.1378" Y="-0.582839" Z="-12.4513" />
				<point X="21.1835" Y="0.704431" Z="0" />
				<point X="17.1378" Y="0.0758821" Z="12.4513" />
				<point X="6.54605" Y="0.72542" Z="20.1467" />
				<point X="-6.54605" Y="0.125002" Z="20.1467" />
				<point X="-17.1378" Y="-0.678548" Z="12.4513" />
			</translate>
			<group>
				<scale X="0.0596047" Y="0.0596047" Z="0.0596047" />
				<models>
					<model file = "esferaAsteroide.3d" texture="asteroide.jpg" limit="E" raio="0.0596047" />
				</models>
			</group>
			</group>
			<!--ASTEROIDE-->
			<group>
			<translate time="60" NC="ND">
				<point X="-7.26241" Y="0.11966" Z="22.3514" />
				<point X="-19.0132" Y="0.731515" Z="13.8139" />
				<point X="-23.5017" Y="0.623607" Z="-2.05458e-06" />
				<point X="-19.0132" Y="-0.0582449" Z="-13.8139" />
				<point X="-7.26241" Y="0.870501" Z="-22.3514" />
				<point X="7.26241" Y="-0.425172" Z="-22.3514" />
				<point X="19.0132" Y="-0.602968" Z="-13.8139" />
				<point X="23.5017" Y="-0.664239" Z="0" />
				<point X="19.0132" Y="0.140783" Z="13.8139" />
				<point X="7.26241" Y="-0.480655" Z="22.3514" />
			</translate>
			<group>
				<scale X="0.0280435" Y="0.0280435" Z="0.0280435" />
				<models>
					<model file = "esferaAsteroide.3d" texture="asteroide.jpg" limit="E" raio="0.0280435" />
				</models>
			</group>
			</group>
			<!--ASTEROIDE-->
			<group>
			<translate time="84" NC="ND">
				<point X="-17.6142" Y="-0.727919" Z="12.7974" />
				<point X="-21.7723" Y="-0.436423" Z="-1.90339e-06" />
				<point X="-17.6142" Y="-0.0461578" Z="-12.7974" />
				<point X="-6.72801" Y="-0.310758" Z="-20.7067" />
				<point X="6.72801" Y="-0.731992" Z="-20.7067" />
				<point X="17.6142" Y="-0.970276" Z="-12.7974" />
				<point X="21.7723" Y="-0.585339" Z="0" />
				<point X="17.6142" Y="0.39301" Z="12.7974" />
				<point X="6.72801" Y="-0.648823" Z="20.7067" />
				<point X="-6.72801" Y="-0.91757" Z="20.7067" />
			</translate>
			<group>
				<scale X="0.0477893" Y="0.0477893" Z="0.0477893" />
				<models>
					<model file = "esferaAsteroide.3d" texture="asteroide.jpg" limit="E" raio="0.0477893" />
				</models>
			</group>
			</group>
			<!--ASTEROIDE-->
			<group>
			<translate time="73" NC="ND">
				<point X="-6.6038" Y="-0.962454" Z="-20.3244" />
				<point X="6.6038" Y="0.932944" Z="-20.3244" />
				<point X="17.289" Y="-0.764303" Z="-12.5612" />
				<point X="21.3703" Y="0.908047" Z="0" />
				<point X="17.289" Y="-0.492228" Z="12.5612" />
				<point X="6.6038" Y="-0.367271" Z="20.3244" />
				<point X="-6.6038" Y="-0.756191" Z="20.3244" />
				<point X="-17.289" Y="0.648555" Z="12.5612" />
				<point X="-21.3703" Y="0.152074" Z="-1.86825e-06" />
				<point X="-17.289" Y="-0.241332" Z="-12.5612" />
			</translate>
			<group>
				<scale X="0.0234856" Y="0.0234856" Z="0.0234856" />
				<models>
					<model file = "esferaAsteroide.3d" texture="asteroide.jpg" limit="E" raio="0.0234856" />
				</models>
			</group>
			</group>
			<!--ASTEROIDE-->
			<group>
			<translate time="72" NC="ND">
				<point X="6.84607" Y="-0.790913" Z="21.07" />
				<point X="-6.84607" Y="0.374229" Z="21.07" />
				<point X="-17.9233" Y="0.397815" Z="13.022" />
				<point X="-22.1544" Y="-0.522906" Z="-1.9368e-06" />
				<point X="-17.9233" Y="0.403953" Z="-13.022" />
				<point X="-6.84608" Y="0.812477" Z="-21.07" />
				<point X="6.84608" Y="0.870104" Z="-21.07" />
				<point X="17.9233" Y="0.755129" Z="-13.022" />
				<point X="22.1544" Y="0.894907" Z="0" />
				<point X="17.9233" Y="-0.883005" Z="13.022" />
			</translate>
			<group>
				<scale X="0.0287299" Y="0.0287299" Z="0.0287299" />
				<models>
					<model file = "esferaAsteroide.3d" texture="asteroide.jpg" limit="E" raio="0.0287299" />
				</models>
			</group>
			</group>
			<!--ASTEROIDE-->
			<group>
			<translate time="126" NC="ND">
				<point X="-17.6064" Y="-0.249239" Z="12.7918" />
				<point X="-21.7627" Y="0.598828" Z="-1.90256e-06" />
				<point X="-17.6064" Y="-0.63138" Z="-12.7918" />
				<point X="-6.72505" Y="0.258533" Z="-20.6976" />
				<point X="6.72505" Y="-0.768443" Z="-20.6976" />
				<point X="17.6064" Y="-0.387572" Z="-12.7918" />
				<point X="21.7627" Y="-0.0929115" Z="0" />
				<point X="17.6064" Y="0.383631" Z="12.7918" />
				<point X="6.72505" Y="0.371096" Z="20.6976" />
				<point X="-6.72505" Y="0.676662" Z="20.6976" />
			</translate>
			<group>
				<scale X="0.0284605" Y="0.0284605" Z="0.0284605" />
				<models>
					<model file = "esferaAsteroide.3d" texture="asteroide.jpg" limit="E" raio="0.0284605" />
				</models>
			</group>
			</group>
			<!--ASTEROIDE-->
			<group>
			<translate time="125" NC="ND">
				<point X="-19.3256" Y="0.719784" Z="14.0409" />
				<point X="-23.8878" Y="0.913978" Z="-2.08833e-06" />
				<point X="-19.3256" Y="-0.991647" Z="-14.0409" />
				<point X="-7.38172" Y="0.123737" Z="-22.7186" />
				<point X="7.38172" Y="0.726454" Z="-22.7186" />
				<point X="19.3256" Y="0.878457" Z="-14.0409" />
				<point X="23.8878" Y="-0.121134" Z="0" />
				<point X="19.3256" Y="0.621361" Z="14.0409" />
				<point X="7.38172" Y="0.995451" Z="22.7186" />
				<point X="-7.38172" Y="0.387346" Z="22.7186" />
			</translate>
			<group>
				<scale X="0.0464434" Y="0.0464434" Z="0.0464434" />
				<models>
					<model file = "esferaAsteroide.3d" texture="asteroide.jpg" limit="E" raio="0.0464434" />
				</models>
			</group>
			</group>
			<!--ASTEROIDE-->
			<group>
			<translate time="105" NC="ND">
				<point X="-7.27297" Y="-0.347492" Z="22.3839" />
				<point X="-19.0409" Y="0.24767" Z="13.834" />
				<point X="-23.5358" Y="-0.785543" Z="-2.05757e-06" />
				<point X="-19.0409" Y="-0.115935" Z="-13.834" />
				<point X="-7.27297" Y="0.860098" Z="-22.3839" />
				<point X="7.27297" Y="0.121545" Z="-22.3839" />
				<point X="19.0409" Y="-0.732303" Z="-13.834" />
				<point X="23.5358" Y="0.231194" Z="0" />
				<point X="19.0409" Y="-0.201793" Z="13.834" />
				<point X="7.27297" Y="-0.807135" Z="22.3839" />
			</translate>
			<group>
				<scale X="0.0241033" Y="0.0241033" Z="0.0241033" />
				<models>
					<model file = "esferaAsteroide.3d" texture="asteroide.jpg" limit="E" raio="0.0241033" />
				</models>
			</group>
			</group>
			<!--ASTEROIDE-->
			<group>
			<translate time="59" NC="ND">
				<point X="-6.97086" Y="0.468923" Z="-21.4541" />
				<point X="6.97086" Y="0.659989" Z="-21.4541" />
				<point X="18.25" Y="0.381941" Z="-13.2594" />
				<point X="22.5582" Y="0.195377" Z="0" />
				<point X="18.2499" Y="0.538446" Z="13.2594" />
				<point X="6.97086" Y="-0.739193" Z="21.4541" />
				<point X="-6.97086" Y="-0.183262" Z="21.4541" />
				<point X="-18.2499" Y="0.533897" Z="13.2594" />
				<point X="-22.5582" Y="0.648153" Z="-1.9721e-06" />
				<point X="-18.2499" Y="-0.492712" Z="-13.2594" />
			</translate>
			<group>
				<scale X="0.0307684" Y="0.0307684" Z="0.0307684" />
				<models>
					<model file = "esferaAsteroide.3d" texture="asteroide.jpg" limit="E" raio="0.0307684" />
				</models>
			</group>
			</group>
			<!--ASTEROIDE-->
			<group>
			<translate time="90" NC="ND">
				<point X="19.3586" Y="-0.920905" Z="-14.0648" />
				<point X="23.9286" Y="0.0236963" Z="0" />
				<point X="19.3586" Y="0.0975417" Z="14.0649" />
				<point X="7.39433" Y="0.939193" Z="22.7574" />
				<point X="-7.39433" Y="-0.854758" Z="22.7574" />
				<point X="-19.3586" Y="0.365238" Z="14.0649" />
				<point X="-23.9286" Y="0.170387" Z="-2.0919e-06" />
				<point X="-19.3586" Y="-0.0565513" Z="-14.0649" />
				<point X="-7.39433" Y="0.558104" Z="-22.7574" />
				<point X="7.39434" Y="-0.79083" Z="-22.7574" />
			</translate>
			<group>
				<scale X="0.0512194" Y="0.0512194" Z="0.0512194" />
				<models>
					<model file = "esferaAsteroide.3d" texture="asteroide.jpg" limit="E" raio="0.0512194" />
				</models>
			</group>
			</group>
			<!--ASTEROIDE-->
			<group>
			<translate time="59" NC="ND">
				<point X="-18.2803" Y="-0.624547" Z="-13.2814" />
				<point X="-6.98247" Y="0.736669" Z="-21.4898" />
				<point X="6.98247" Y="-0.571585" Z="-21.4898" />
				<point X="18.2803" Y="0.913899" Z="-13.2814" />
				<point X="22.5957" Y="0.997476" Z="0" />
				<point X="18.2803" Y="0.245154" Z="13.2814" />
				<point X="6.98247" Y="0.447797" Z="21.4898" />
				<point X="-6.98247" Y="0.645629" Z="21.4898" />
				<point X="-18.2803" Y="0.752442" Z="13.2814" />
				<point X="-22.5957" Y="0.400172" Z="-1.97538e-06" />
			</translate>
			<group>
				<scale X="0.0552823" Y="0.0552823" Z="0.0552823" />
				<models>
					<model file = "esferaAsteroide.3d" texture="asteroide.jpg" limit="E" raio="0.0552823" />
				</models>
			</group>
			</group>
			<!--ASTEROIDE-->
			<group>
			<translate time="144" NC="ND">
				<point X="-23.2484" Y="0.33188" Z="-2.03244e-06" />
				<point X="-18.8084" Y="-0.375572" Z="-13.6651" />
				<point X="-7.18416" Y="-0.750116" Z="-22.1106" />
				<point X="7.18416" Y="0.477122" Z="-22.1106" />
				<point X="18.8084" Y="0.989667" Z="-13.6651" />
				<point X="23.2484" Y="0.42027" Z="0" />
				<point X="18.8084" Y="-0.579429" Z="13.6651" />
				<point X="7.18416" Y="0.54777" Z="22.1106" />
				<point X="-7.18416" Y="0.62944" Z="22.1106" />
				<point X="-18.8084" Y="0.484398" Z="13.6651" />
			</translate>
			<group>
				<scale X="0.0246319" Y="0.0246319" Z="0.0246319" />
				<models>
					<model file = "esferaAsteroide.3d" texture="asteroide.jpg" limit="E" raio="0.0246319" />
				</models>
			</group>
			</group>
			<!--ASTEROIDE-->
			<group>
			<translate time="121" NC="ND">
				<point X="-18.9848" Y="0.735692" Z="13.7932" />
				<point X="-23.4664" Y="0.0550082" Z="-2.0515e-06" />
				<point X="-18.9847" Y="-0.510786" Z="-13.7932" />
				<point X="-7.25153" Y="0.733168" Z="-22.3179" />
				<point X="7.25153" Y="-0.699838" Z="-22.3179" />
				<point X="18.9848" Y="0.93701" Z="-13.7932" />
				<point X="23.4664" Y="0.378797" Z="0" />
				<point X="18.9848" Y="-0.947396" Z="13.7932" />
				<point X="7.25153" Y="0.337182" Z="22.3179" />
				<point X="-7.25153" Y="-0.122259" Z="22.3179" />
			</translate>
			<group>
				<scale X="0.0239972" Y="0.0239972" Z="0.0239972" />
				<models>
					<model file = "esferaAsteroide.3d" texture="asteroide.jpg" limit="E" raio="0.0239972" />
				</models>
			</group>
			</group>
			<!--ASTEROIDE-->
			<group>
			<translate time="102" NC="ND">
				<point X="-7.12254" Y="0.517329" Z="-21.9209" />
				<point X="7.12254" Y="-0.870647" Z="-21.9209" />
				<point X="18.6471" Y="0.994927" Z="-13.5479" />
				<point X="23.049" Y="0.506996" Z="0" />
				<point X="18.647" Y="0.549624" Z="13.5479" />
				<point X="7.12254" Y="-0.584502" Z="21.9209" />
				<point X="-7.12254" Y="0.054766" Z="21.9209" />
				<point X="-18.6471" Y="0.179064" Z="13.5479" />
				<point X="-23.049" Y="0.899896" Z="-2.01501e-06" />
				<point X="-18.647" Y="-0.30094" Z="-13.5479" />
			</translate>
			<group>
				<scale X="0.0437185" Y="0.0437185" Z="0.0437185" />
				<models>
					<model file = "esferaAsteroide.3d" texture="asteroide.jpg" limit="E" raio="0.0437185" />
				</models>
			</group>
			</group>
			<!--ASTEROIDE-->
			<group>
			<translate time="73" NC="ND">
				<point X="17.6842" Y="-0.74578" Z="-12.8483" />
				<point X="21.8589" Y="0.164286" Z="0" />
				<point X="17.6842" Y="-0.833057" Z="12.8484" />
				<point X="6.75478" Y="-0.445618" Z="20.7891" />
				<point X="-6.75478" Y="0.101296" Z="20.7891" />
				<point X="-17.6842" Y="0.54574" Z="12.8484" />
				<point X="-21.8589" Y="-0.393014" Z="-1.91097e-06" />
				<point X="-17.6842" Y="-0.561522" Z="-12.8484" />
				<point X="-6.75478" Y="-0.576518" Z="-20.7891" />
				<point X="6.75478" Y="0.973" Z="-20.7891" />
			</translate>
			<group>
				<scale X="0.0339617" Y="0.0339617" Z="0.0339617" />
				<models>
					<model file = "esferaAsteroide.3d" texture="asteroide.jpg" limit="E" raio="0.0339617" />
				</models>
			</group>
			</group>
			<!--ASTEROIDE-->
			<group>
			<translate time="53" NC="ND">
				<point X="6.49272" Y="-0.983921" Z="19.9825" />
				<point X="-6.49272" Y="-0.87786" Z="19.9825" />
				<point X="-16.9982" Y="0.890225" Z="12.3499" />
				<point X="-21.0109" Y="0.565703" Z="-1.83683e-06" />
				<point X="-16.9982" Y="-0.462362" Z="-12.3499" />
				<point X="-6.49272" Y="-0.055009" Z="-19.9825" />
				<point X="6.49272" Y="-0.255233" Z="-19.9825" />
				<point X="16.9982" Y="-0.562466" Z="-12.3499" />
				<point X="21.0109" Y="0.644051" Z="0" />
				<point X="16.9982" Y="0.317386" Z="12.3499" />
			</translate>
			<group>
				<scale X="0.037318" Y="0.037318" Z="0.037318" />
				<models>
					<model file = "esferaAsteroide.3d" texture="asteroide.jpg" limit="E" raio="0.037318" />
				</models>
			</group>
			</group>
			<!--ASTEROIDE-->
			<group>
			<translate time="124" NC="ND">
				<point X="17.6414" Y="-0.623351" Z="12.8172" />
				<point X="6.7384" Y="-0.0571474" Z="20.7387" />
				<point X="-6.73841" Y="0.325199" Z="20.7387" />
				<point X="-17.6414" Y="0.477945" Z="12.8172" />
				<point X="-21.8059" Y="-0.511407" Z="-1.90634e-06" />
				<point X="-17.6414" Y="0.932185" Z="-12.8172" />
				<point X="-6.73841" Y="0.916423" Z="-20.7387" />
				<point X="6.73841" Y="-0.0879258" Z="-20.7387" />
				<point X="17.6414" Y="0.905184" Z="-12.8172" />
				<point X="21.8059" Y="0.92368" Z="0" />
			</translate>
			<group>
				<scale X="0.0303319" Y="0.0303319" Z="0.0303319" />
				<models>
					<model file = "esferaAsteroide.3d" texture="asteroide.jpg" limit="E" raio="0.0303319" />
				</models>
			</group>
			</group>
			<!--ASTEROIDE-->
			<group>
			<translate time="102" NC="ND">
				<point X="-17.6222" Y="-0.229166" Z="12.8033" />
				<point X="-21.7822" Y="0.0445388" Z="-1.90426e-06" />
				<point X="-17.6222" Y="0.392188" Z="-12.8033" />
				<point X="-6.73108" Y="0.308472" Z="-20.7161" />
				<point X="6.73108" Y="0.98953" Z="-20.7161" />
				<point X="17.6222" Y="-0.863046" Z="-12.8033" />
				<point X="21.7822" Y="0.746005" Z="0" />
				<point X="17.6222" Y="0.633581" Z="12.8033" />
				<point X="6.73108" Y="0.45434" Z="20.7161" />
				<point X="-6.73108" Y="-0.716703" Z="20.7161" />
			</translate>
			<group>
				<scale X="0.0562081" Y="0.0562081" Z="0.0562081" />
				<models>
					<model file = "esferaAsteroide.3d" texture="asteroide.jpg" limit="E" raio="0.0562081" />
				</models>
			</group>
			</group>
			<!--ASTEROIDE-->
			<group>
			<translate time="126" NC="ND">
				<point X="-19.3869" Y="0.694478" Z="-14.0854" />
				<point X="-7.40515" Y="-0.933046" Z="-22.7907" />
				<point X="7.40515" Y="0.350254" Z="-22.7907" />
				<point X="19.3869" Y="-0.816929" Z="-14.0854" />
				<point X="23.9636" Y="0.999139" Z="0" />
				<point X="19.3869" Y="0.266677" Z="14.0854" />
				<point X="7.40515" Y="0.0951448" Z="22.7907" />
				<point X="-7.40515" Y="0.904323" Z="22.7907" />
				<point X="-19.3869" Y="0.190356" Z="14.0854" />
				<point X="-23.9636" Y="0.616626" Z="-2.09496e-06" />
			</translate>
			<group>
				<scale X="0.0499132" Y="0.0499132" Z="0.0499132" />
				<models>
					<model file = "esferaAsteroide.3d" texture="asteroide.jpg" limit="E" raio="0.0499132" />
				</models>
			</group>
			</group>
			<!--ASTEROIDE-->
			<group>
			<translate time="60" NC="ND">
				<point X="6.80242" Y="-0.12574" Z="20.9357" />
				<point X="-6.80243" Y="-0.780566" Z="20.9357" />
				<point X="-17.809" Y="-0.655375" Z="12.939" />
				<point X="-22.0131" Y="-0.13621" Z="-1.92445e-06" />
				<point X="-17.809" Y="-0.643612" Z="-12.939" />
				<point X="-6.80243" Y="-0.909369" Z="-20.9357" />
				<point X="6.80243" Y="-0.502629" Z="-20.9357" />
				<point X="17.809" Y="0.810728" Z="-12.939" />
				<point X="22.0131" Y="-0.626073" Z="0" />
				<point X="17.809" Y="-0.526913" Z="12.939" />
			</translate>
			<group>
				<scale X="0.0253064" Y="0.0253064" Z="0.0253064" />
				<models>
					<model file = "esferaAsteroide.3d" texture="asteroide.jpg" limit="E" raio="0.0253064" />
				</models>
			</group>
			</group>
			<!--ASTEROIDE-->
			<group>
			<translate time="135" NC="ND">
				<point X="23.6725" Y="-0.409626" Z="0" />
				<point X="19.1515" Y="0.0921491" Z="13.9143" />
				<point X="7.3152" Y="0.102261" Z="22.5139" />
				<point X="-7.31521" Y="-0.410487" Z="22.5139" />
				<point X="-19.1515" Y="-0.641174" Z="13.9143" />
				<point X="-23.6725" Y="-0.802595" Z="-2.06952e-06" />
				<point X="-19.1515" Y="-0.506164" Z="-13.9143" />
				<point X="-7.31521" Y="0.549182" Z="-22.5139" />
				<point X="7.31521" Y="0.814031" Z="-22.5139" />
				<point X="19.1515" Y="0.169243" Z="-13.9143" />
			</translate>
			<group>
				<scale X="0.0444942" Y="0.0444942" Z="0.0444942" />
				<models>
					<model file = "esferaAsteroide.3d" texture="asteroide.jpg" limit="E" raio="0.0444942" />
				</models>
			</group>
			</group>
			<!--ASTEROIDE-->
			<group>
			<translate time="88" NC="ND">
				<point X="-6.74427" Y="0.596625" Z="-20.7567" />
				<point X="6.74427" Y="0.460129" Z="-20.7567" />
				<point X="17.6567" Y="-0.262986" Z="-12.8284" />
				<point X="21.8249" Y="0.953013" Z="0" />
				<point X="17.6567" Y="0.55076" Z="12.8284" />
				<point X="6.74427" Y="0.234385" Z="20.7567" />
				<point X="-6.74427" Y="0.763741" Z="20.7567" />
				<point X="-17.6567" Y="0.924687" Z="12.8284" />
				<point X="-21.8249" Y="0.707472" Z="-1.90799e-06" />
				<point X="-17.6567" Y="0.545407" Z="-12.8284" />
			</translate>
			<group>
				<scale X="0.0399793" Y="0.0399793" Z="0.0399793" />
				<models>
					<model file = "esferaAsteroide.3d" texture="asteroide.jpg" limit="E" raio="0.0399793" />
				</models>
			</group>
			</group>
			<!--ASTEROIDE-->
			<group>
			<translate time="104" NC="ND">
				<point X="-19.1668" Y="-0.371682" Z="13.9255" />
				<point X="-23.6914" Y="-0.0463656" Z="-2.07117e-06" />
				<point X="-19.1668" Y="0.248713" Z="-13.9255" />
				<point X="-7.32105" Y="-0.0128561" Z="-22.5319" />
				<point X="7.32105" Y="0.15104" Z="-22.5319" />
				<point X="19.1668" Y="0.742549" Z="-13.9255" />
				<point X="23.6914" Y="-0.463674" Z="0" />
				<point X="19.1668" Y="-0.0349291" Z="13.9255" />
				<point X="7.32105" Y="-0.0882076" Z="22.5319" />
				<point X="-7.32105" Y="0.0862706" Z="22.5319" />
			</translate>
			<group>
				<scale X="0.0213765" Y="0.0213765" Z="0.0213765" />
				<models>
					<model file = "esferaAsteroide.3d" texture="asteroide.jpg" limit="E" raio="0.0213765" />
				</models>
			</group>
			</group>
			<!--ASTEROIDE-->
			<group>
			<translate time="107" NC="ND">
				<point X="-18.2568" Y="0.620055" Z="13.2643" />
				<point X="-22.5666" Y="-0.479005" Z="-1.97284e-06" />
				<point X="-18.2568" Y="-0.986901" Z="-13.2643" />
				<point X="-6.97348" Y="0.170814" Z="-21.4621" />
				<point X="6.97348" Y="0.75538" Z="-21.4621" />
				<point X="18.2568" Y="0.776841" Z="-13.2643" />
				<point X="22.5666" Y="0.0955011" Z="0" />
				<point X="18.2568" Y="0.462852" Z="13.2643" />
				<point X="6.97347" Y="0.322248" Z="21.4621" />
				<point X="-6.97347" Y="-0.110226" Z="21.4621" />
			</translate>
			<group>
				<scale X="0.0292692" Y="0.0292692" Z="0.0292692" />
				<models>
					<model file = "esferaAsteroide.3d" texture="asteroide.jpg" limit="E" raio="0.0292692" />
				</models>
			</group>
			</group>
			<!--ASTEROIDE-->
			<group>
			<translate time="115" NC="ND">
				<point X="21.5926" Y="0.200045" Z="0" />
				<point X="17.4687" Y="0.298989" Z="12.6918" />
				<point X="6.67247" Y="-0.958595" Z="20.5357" />
				<point X="-6.67247" Y="-0.648916" Z="20.5357" />
				<point X="-17.4687" Y="0.0415378" Z="12.6918" />
				<point X="-21.5926" Y="-0.422269" Z="-1.88768e-06" />
				<point X="-17.4687" Y="0.316155" Z="-12.6918" />
				<point X="-6.67247" Y="0.95333" Z="-20.5357" />
				<point X="6.67247" Y="0.664002" Z="-20.5357" />
				<point X="17.4687" Y="-0.639423" Z="-12.6918" />
			</translate>
			<group>
				<scale X="0.0285189" Y="0.0285189" Z="0.0285189" />
				<models>
					<model file = "esferaAsteroide.3d" texture="asteroide.jpg" limit="E" raio="0.0285189" />
				</models>
			</group>
			</group>
			<!--ASTEROIDE-->
			<group>
			<translate time="75" NC="ND">
				<point X="7.35341" Y="-0.830937" Z="22.6315" />
				<point X="-7.35341" Y="-0.799351" Z="22.6315" />
				<point X="-19.2515" Y="0.311372" Z="13.987" />
				<point X="-23.7961" Y="0.924444" Z="-2.08032e-06" />
				<point X="-19.2515" Y="0.97749" Z="-13.987" />
				<point X="-7.35341" Y="-0.593127" Z="-22.6315" />
				<point X="7.35341" Y="0.387296" Z="-22.6315" />
				<point X="19.2515" Y="0.299737" Z="-13.987" />
				<point X="23.7961" Y="0.296647" Z="0" />
				<point X="19.2515" Y="0.782332" Z="13.987" />
			</translate>
			<group>
				<scale X="0.0304101" Y="0.0304101" Z="0.0304101" />
				<models>
					<model file = "esferaAsteroide.3d" texture="asteroide.jpg" limit="E" raio="0.0304101" />
				</models>
			</group>
			</group>
			<!--ASTEROIDE-->
			<group>
			<translate time="123" NC="ND">
				<point X="22.0362" Y="-0.959925" Z="0" />
				<point X="17.8277" Y="-0.181743" Z="12.9526" />
				<point X="6.80957" Y="0.579871" Z="20.9577" />
				<point X="-6.80957" Y="0.0816131" Z="20.9577" />
				<point X="-17.8277" Y="0.395988" Z="12.9526" />
				<point X="-22.0362" Y="-0.103974" Z="-1.92647e-06" />
				<point X="-17.8277" Y="0.0349433" Z="-12.9526" />
				<point X="-6.80957" Y="0.05999" Z="-20.9577" />
				<point X="6.80957" Y="0.256603" Z="-20.9577" />
				<point X="17.8277" Y="-0.10097" Z="-12.9526" />
			</translate>
			<group>
				<scale X="0.0205748" Y="0.0205748" Z="0.0205748" />
				<models>
					<model file = "esferaAsteroide.3d" texture="asteroide.jpg" limit="E" raio="0.0205748" />
				</models>
			</group>
			</group>
			<!--ASTEROIDE-->
			<group>
			<translate time="135" NC="ND">
				<point X="-18.4304" Y="0.575652" Z="-13.3904" />
				<point X="-7.03977" Y="0.229035" Z="-21.6662" />
				<point X="7.03977" Y="-0.359395" Z="-21.6662" />
				<point X="18.4304" Y="0.553142" Z="-13.3904" />
				<point X="22.7812" Y="0.635908" Z="0" />
				<point X="18.4304" Y="-0.972099" Z="13.3904" />
				<point X="7.03977" Y="-0.147121" Z="21.6662" />
				<point X="-7.03977" Y="-0.0674445" Z="21.6662" />
				<point X="-18.4304" Y="0.810233" Z="13.3904" />
				<point X="-22.7812" Y="0.543691" Z="-1.99159e-06" />
			</translate>
			<group>
				<scale X="0.030942" Y="0.030942" Z="0.030942" />
				<models>
					<model file = "esferaAsteroide.3d" texture="asteroide.jpg" limit="E" raio="0.030942" />
				</models>
			</group>
			</group>
			<!--ASTEROIDE-->
			<group>
			<translate time="80" NC="ND">
				<point X="-17.7844" Y="-0.749745" Z="-12.9211" />
				<point X="-6.79304" Y="-0.352366" Z="-20.9068" />
				<point X="6.79304" Y="0.406466" Z="-20.9068" />
				<point X="17.7844" Y="0.646243" Z="-12.9211" />
				<point X="21.9827" Y="0.543661" Z="0" />
				<point X="17.7844" Y="-0.558591" Z="12.9211" />
				<point X="6.79303" Y="-0.293767" Z="20.9068" />
				<point X="-6.79303" Y="-0.199736" Z="20.9068" />
				<point X="-17.7844" Y="0.34044" Z="12.9211" />
				<point X="-21.9827" Y="0.893686" Z="-1.92179e-06" />
			</translate>
			<group>
				<scale X="0.0256956" Y="0.0256956" Z="0.0256956" />
				<models>
					<model file = "esferaAsteroide.3d" texture="asteroide.jpg" limit="E" raio="0.0256956" />
				</models>
			</group>
			</group>
			<!--ASTEROIDE-->
			<group>
			<translate time="133" NC="ND">
				<point X="17.69" Y="0.724068" Z="-12.8525" />
				<point X="21.8661" Y="0.244304" Z="0" />
				<point X="17.69" Y="-0.602517" Z="12.8525" />
				<point X="6.75698" Y="0.359977" Z="20.7959" />
				<point X="-6.75698" Y="0.272206" Z="20.7959" />
				<point X="-17.69" Y="0.250362" Z="12.8525" />
				<point X="-21.8661" Y="-0.707468" Z="-1.91159e-06" />
				<point X="-17.69" Y="0.082439" Z="-12.8525" />
				<point X="-6.75698" Y="-0.205947" Z="-20.7959" />
				<point X="6.75699" Y="-0.0523217" Z="-20.7959" />
			</translate>
			<group>
				<scale X="0.0453738" Y="0.0453738" Z="0.0453738" />
				<models>
					<model file = "esferaAsteroide.3d" texture="asteroide.jpg" limit="E" raio="0.0453738" />
				</models>
			</group>
			</group>
			<!--ASTEROIDE-->
			<group>
			<translate time="131" NC="ND">
				<point X="-6.91646" Y="-0.363188" Z="21.2867" />
				<point X="-18.1075" Y="-0.18985" Z="13.1559" />
				<point X="-22.3821" Y="-0.723826" Z="-1.95671e-06" />
				<point X="-18.1075" Y="-0.819528" Z="-13.1559" />
				<point X="-6.91646" Y="0.25156" Z="-21.2867" />
				<point X="6.91646" Y="-0.0175937" Z="-21.2867" />
				<point X="18.1075" Y="-0.0192637" Z="-13.1559" />
				<point X="22.3821" Y="-0.408001" Z="0" />
				<point X="18.1075" Y="-0.123908" Z="13.1559" />
				<point X="6.91646" Y="0.558106" Z="21.2867" />
			</translate>
			<group>
				<scale X="0.0275935" Y="0.0275935" Z="0.0275935" />
				<models>
					<model file = "esferaAsteroide.3d" texture="asteroide.jpg" limit="E" raio="0.0275935" />
				</models>
			</group>
			</group>
			<!--ASTEROIDE-->
			<group>
			<translate time="122" NC="ND">
				<point X="-21.7193" Y="-0.672459" Z="-1.89876e-06" />
				<point X="-17.5713" Y="0.386606" Z="-12.7663" />
				<point X="-6.71164" Y="0.137184" Z="-20.6563" />
				<point X="6.71164" Y="0.599746" Z="-20.6563" />
				<point X="17.5713" Y="-0.363032" Z="-12.7663" />
				<point X="21.7193" Y="0.429716" Z="0" />
				<point X="17.5713" Y="-0.317815" Z="12.7663" />
				<point X="6.71163" Y="0.431021" Z="20.6563" />
				<point X="-6.71164" Y="-0.622606" Z="20.6563" />
				<point X="-17.5713" Y="0.6036" Z="12.7663" />
			</translate>
			<group>
				<scale X="0.0210628" Y="0.0210628" Z="0.0210628" />
				<models>
					<model file = "esferaAsteroide.3d" texture="asteroide.jpg" limit="E" raio="0.0210628" />
				</models>
			</group>
			</group>
			<!--ASTEROIDE-->
			<group>
			<translate time="138" NC="ND">
				<point X="-21.7648" Y="-0.276313" Z="-1.90274e-06" />
				<point X="-17.6081" Y="0.663175" Z="-12.793" />
				<point X="-6.72569" Y="-0.589938" Z="-20.6995" />
				<point X="6.72569" Y="0.975246" Z="-20.6995" />
				<point X="17.6081" Y="-0.354419" Z="-12.793" />
				<point X="21.7648" Y="0.390799" Z="0" />
				<point X="17.6081" Y="-0.432754" Z="12.793" />
				<point X="6.72569" Y="0.521674" Z="20.6995" />
				<point X="-6.72569" Y="-0.0510953" Z="20.6995" />
				<point X="-17.6081" Y="0.0467829" Z="12.793" />
			</translate>
			<group>
				<scale X="0.0518556" Y="0.0518556" Z="0.0518556" />
				<models>
					<model file = "esferaAsteroide.3d" texture="asteroide.jpg" limit="E" raio="0.0518556" />
				</models>
			</group>
			</group>
			<!--ASTEROIDE-->
			<group>
			<translate time="78" NC="ND">
				<point X="23.4997" Y="-0.957817" Z="0" />
				<point X="19.0116" Y="0.916436" Z="13.8128" />
				<point X="7.2618" Y="-0.942693" Z="22.3495" />
				<point X="-7.2618" Y="-0.320849" Z="22.3495" />
				<point X="-19.0116" Y="0.346152" Z="13.8128" />
				<point X="-23.4997" Y="-0.260508" Z="-2.05441e-06" />
				<point X="-19.0116" Y="-0.889827" Z="-13.8128" />
				<point X="-7.2618" Y="0.723546" Z="-22.3495" />
				<point X="7.2618" Y="-0.656908" Z="-22.3495" />
				<point X="19.0116" Y="-0.379975" Z="-13.8128" />
			</translate>
			<group>
				<scale X="0.0226004" Y="0.0226004" Z="0.0226004" />
				<models>
					<model file = "esferaAsteroide.3d" texture="asteroide.jpg" limit="E" raio="0.0226004" />
				</models>
			</group>
			</group>
			<!--ASTEROIDE-->
			<group>
			<translate time="55" NC="ND">
				<point X="-17.5726" Y="0.530794" Z="-12.7672" />
				<point X="-6.71214" Y="-0.424477" Z="-20.6578" />
				<point X="6.71214" Y="0.232494" Z="-20.6578" />
				<point X="17.5726" Y="-0.823625" Z="-12.7672" />
				<point X="21.7209" Y="0.966322" Z="0" />
				<point X="17.5726" Y="0.79974" Z="12.7672" />
				<point X="6.71213" Y="0.698049" Z="20.6578" />
				<point X="-6.71214" Y="-0.0847737" Z="20.6578" />
				<point X="-17.5726" Y="-0.153478" Z="12.7672" />
				<point X="-21.7209" Y="0.364504" Z="-1.8989e-06" />
			</translate>
			<group>
				<scale X="0.0306712" Y="0.0306712" Z="0.0306712" />
				<models>
					<model file = "esferaAsteroide.3d" texture="asteroide.jpg" limit="E" raio="0.0306712" />
				</models>
			</group>
			</group>
			<!--ASTEROIDE-->
			<group>
			<translate time="117" NC="ND">
				<point X="7.37806" Y="-0.387043" Z="22.7073" />
				<point X="-7.37806" Y="0.491409" Z="22.7073" />
				<point X="-19.316" Y="-0.258583" Z="14.0339" />
				<point X="-23.8759" Y="0.959109" Z="-2.0873e-06" />
				<point X="-19.316" Y="-0.769099" Z="-14.0339" />
				<point X="-7.37806" Y="-0.148411" Z="-22.7073" />
				<point X="7.37806" Y="0.682655" Z="-22.7073" />
				<point X="19.316" Y="-0.426007" Z="-14.0339" />
				<point X="23.8759" Y="0.471614" Z="0" />
				<point X="19.316" Y="-0.836728" Z="14.0339" />
			</translate>
			<group>
				<scale X="0.0204016" Y="0.0204016" Z="0.0204016" />
				<models>
					<model file = "esferaAsteroide.3d" texture="asteroide.jpg" limit="E" raio="0.0204016" />
				</models>
			</group>
			</group>
			<!--ASTEROIDE-->
			<group>
			<translate time="148" NC="ND">
				<point X="-21.7648" Y="0.250847" Z="-1.90274e-06" />
				<point X="-17.6081" Y="-0.505083" Z="-12.793" />
				<point X="-6.72569" Y="0.738059" Z="-20.6995" />
				<point X="6.72569" Y="0.217168" Z="-20.6995" />
				<point X="17.6081" Y="-0.705343" Z="-12.793" />
				<point X="21.7648" Y="0.436108" Z="0" />
				<point X="17.6081" Y="-0.867605" Z="12.793" />
				<point X="6.72569" Y="0.141179" Z="20.6996" />
				<point X="-6.72569" Y="-0.199388" Z="20.6995" />
				<point X="-17.6081" Y="-0.950335" Z="12.793" />
			</translate>
			<group>
				<scale X="0.0206178" Y="0.0206178" Z="0.0206178" />
				<models>
					<model file = "esferaAsteroide.3d" texture="asteroide.jpg" limit="E" raio="0.0206178" />
				</models>
			</group>
			</group>
			<!--ASTEROIDE-->
			<group>
			<translate time="124" NC="ND">
				<point X="17.1322" Y="0.0432316" Z="-12.4473" />
				<point X="21.1766" Y="0.624376" Z="0" />
				<point X="17.1322" Y="0.318252" Z="12.4473" />
				<point X="6.54392" Y="0.274132" Z="20.1401" />
				<point X="-6.54392" Y="-0.524035" Z="20.1401" />
				<point X="-17.1322" Y="0.000906951" Z="12.4473" />
				<point X="-21.1766" Y="0.848125" Z="-1.85132e-06" />
				<point X="-17.1322" Y="0.947579" Z="-12.4473" />
				<point X="-6.54393" Y="0.164179" Z="-20.1401" />
				<point X="6.54393" Y="-0.642011" Z="-20.1401" />
			</translate>
			<group>
				<scale X="0.0349237" Y="0.0349237" Z="0.0349237" />
				<models>
					<model file = "esferaAsteroide.3d" texture="asteroide.jpg" limit="E" raio="0.0349237" />
				</models>
			</group>
			</group>
			<!--ASTEROIDE-->
			<group>
			<translate time="74" NC="ND">
				<point X="-7.39451" Y="0.710095" Z="-22.758" />
				<point X="7.39451" Y="-0.505188" Z="-22.758" />
				<point X="19.3591" Y="0.501328" Z="-14.0652" />
				<point X="23.9291" Y="-0.995249" Z="0" />
				<point X="19.3591" Y="0.93092" Z="14.0652" />
				<point X="7.39451" Y="0.633722" Z="22.758" />
				<point X="-7.39451" Y="0.14593" Z="22.758" />
				<point X="-19.3591" Y="-0.268468" Z="14.0652" />
				<point X="-23.9291" Y="0.683387" Z="-2.09195e-06" />
				<point X="-19.3591" Y="0.263651" Z="-14.0652" />
			</translate>
			<group>
				<scale X="0.0406662" Y="0.0406662" Z="0.0406662" />
				<models>
					<model file = "esferaAsteroide.3d" texture="asteroide.jpg" limit="E" raio="0.0406662" />
				</models>
			</group>
			</group>
			<!--ASTEROIDE-->
			<group>
			<translate time="127" NC="ND">
				<point X="-23.3283" Y="-0.940441" Z="-2.03943e-06" />
				<point X="-18.873" Y="0.106968" Z="-13.7121" />
				<point X="-7.20885" Y="0.132838" Z="-22.1866" />
				<point X="7.20886" Y="-0.464476" Z="-22.1866" />
				<point X="18.873" Y="-0.892125" Z="-13.712" />
				<point X="23.3283" Y="-0.0190367" Z="0" />
				<point X="18.873" Y="-0.516897" Z="13.7121" />
				<point X="7.20885" Y="0.272054" Z="22.1866" />
				<point X="-7.20885" Y="0.338952" Z="22.1866" />
				<point X="-18.873" Y="-0.564142" Z="13.7121" />
			</translate>
			<group>
				<scale X="0.0363095" Y="0.0363095" Z="0.0363095" />
				<models>
					<model file = "esferaAsteroide.3d" texture="asteroide.jpg" limit="E" raio="0.0363095" />
				</models>
			</group>
			</group>
			<!--ASTEROIDE-->
			<group>
			<translate time="76" NC="ND">
				<point X="-17.5562" Y="0.718689" Z="-12.7553" />
				<point X="-6.70588" Y="-0.842249" Z="-20.6386" />
				<point X="6.70588" Y="0.365882" Z="-20.6386" />
				<point X="17.5562" Y="0.649609" Z="-12.7553" />
				<point X="21.7007" Y="0.791473" Z="0" />
				<point X="17.5562" Y="-0.488188" Z="12.7553" />
				<point X="6.70588" Y="-0.61886" Z="20.6386" />
				<point X="-6.70588" Y="0.47486" Z="20.6386" />
				<point X="-17.5562" Y="0.775463" Z="12.7553" />
				<point X="-21.7007" Y="0.933365" Z="-1.89713e-06" />
			</translate>
			<group>
				<scale X="0.0530207" Y="0.0530207" Z="0.0530207" />
				<models>
					<model file = "esferaAsteroide.3d" texture="asteroide.jpg" limit="E" raio="0.0530207" />
				</models>
			</group>
			</group>
			<!--ASTEROIDE-->
			<group>
			<translate time="73" NC="ND">
				<point X="-7.37211" Y="-0.199883" Z="-22.689" />
				<point X="7.37211" Y="0.582481" Z="-22.689" />
				<point X="19.3004" Y="-0.0363678" Z="-14.0226" />
				<point X="23.8566" Y="-0.0920085" Z="0" />
				<point X="19.3004" Y="-0.436555" Z="14.0226" />
				<point X="7.37211" Y="0.446736" Z="22.689" />
				<point X="-7.37211" Y="-0.819955" Z="22.689" />
				<point X="-19.3004" Y="0.902397" Z="14.0226" />
				<point X="-23.8566" Y="0.882594" Z="-2.08561e-06" />
				<point X="-19.3004" Y="-0.352831" Z="-14.0226" />
			</translate>
			<group>
				<scale X="0.027371" Y="0.027371" Z="0.027371" />
				<models>
					<model file = "esferaAsteroide.3d" texture="asteroide.jpg" limit="E" raio="0.027371" />
				</models>
			</group>
			</group>
			<!--ASTEROIDE-->
			<group>
			<translate time="149" NC="ND">
				<point X="17.3227" Y="0.0888356" Z="-12.5856" />
				<point X="21.412" Y="-0.739359" Z="0" />
				<point X="17.3227" Y="0.239342" Z="12.5857" />
				<point X="6.61667" Y="-0.119691" Z="20.364" />
				<point X="-6.61667" Y="-0.227547" Z="20.364" />
				<point X="-17.3227" Y="0.620482" Z="12.5857" />
				<point X="-21.412" Y="-0.644832" Z="-1.8719e-06" />
				<point X="-17.3227" Y="-0.452084" Z="-12.5857" />
				<point X="-6.61667" Y="0.553847" Z="-20.364" />
				<point X="6.61667" Y="-0.740399" Z="-20.364" />
			</translate>
			<group>
				<scale X="0.0574209" Y="0.0574209" Z="0.0574209" />
				<models>
					<model file = "esferaAsteroide.3d" texture="asteroide.jpg" limit="E" raio="0.0574209" />
				</models>
			</group>
			</group>
			<!--ASTEROIDE-->
			<group>
			<translate time="94" NC="ND">
				<point X="-22.7083" Y="0.170978" Z="-1.98522e-06" />
				<point X="-18.3714" Y="0.314136" Z="-13.3476" />
				<point X="-7.01725" Y="0.660858" Z="-21.5969" />
				<point X="7.01725" Y="0.734423" Z="-21.5969" />
				<point X="18.3714" Y="-0.239128" Z="-13.3476" />
				<point X="22.7083" Y="0.840903" Z="0" />
				<point X="18.3714" Y="0.63682" Z="13.3476" />
				<point X="7.01724" Y="-0.356534" Z="21.5969" />
				<point X="-7.01725" Y="-0.511928" Z="21.5969" />
				<point X="-18.3714" Y="0.911481" Z="13.3476" />
			</translate>
			<group>
				<scale X="0.059055" Y="0.059055" Z="0.059055" />
				<models>
					<model file = "esferaAsteroide.3d" texture="asteroide.jpg" limit="E" raio="0.059055" />
				</models>
			</group>
			</group>
			<!--ASTEROIDE-->
			<group>
			<translate time="63" NC="ND">
				<point X="-21.2656" Y="0.332495" Z="-1.8591e-06" />
				<point X="-17.2043" Y="0.188193" Z="-12.4996" />
				<point X="-6.57145" Y="-0.188291" Z="-20.2248" />
				<point X="6.57145" Y="-0.895052" Z="-20.2248" />
				<point X="17.2043" Y="-0.191325" Z="-12.4996" />
				<point X="21.2656" Y="0.166878" Z="0" />
				<point X="17.2043" Y="-0.347135" Z="12.4996" />
				<point X="6.57144" Y="-0.637478" Z="20.2248" />
				<point X="-6.57145" Y="0.426479" Z="20.2248" />
				<point X="-17.2043" Y="0.791719" Z="12.4996" />
			</translate>
			<group>
				<scale X="0.0368513" Y="0.0368513" Z="0.0368513" />
				<models>
					<model file = "esferaAsteroide.3d" texture="asteroide.jpg" limit="E" raio="0.0368513" />
				</models>
			</group>
			</group>
			<!--ASTEROIDE-->
			<group>
			<translate time="135" NC="ND">
				<point X="-17.3351" Y="0.949559" Z="-12.5947" />
				<point X="-6.62143" Y="0.792953" Z="-20.3786" />
				<point X="6.62143" Y="-0.714383" Z="-20.3786" />
				<point X="17.3351" Y="-0.289569" Z="-12.5947" />
				<point X="21.4274" Y="0.633856" Z="0" />
				<point X="17.3351" Y="0.922437" Z="12.5947" />
				<point X="6.62142" Y="0.353896" Z="20.3786" />
				<point X="-6.62142" Y="-0.878072" Z="20.3786" />
				<point X="-17.3351" Y="0.833917" Z="12.5947" />
				<point X="-21.4274" Y="0.530991" Z="-1.87324e-06" />
			</translate>
			<group>
				<scale X="0.0476043" Y="0.0476043" Z="0.0476043" />
				<models>
					<model file = "esferaAsteroide.3d" texture="asteroide.jpg" limit="E" raio="0.0476043" />
				</models>
			</group>
			</group>
			<!--ASTEROIDE-->
			<group>
			<translate time="134" NC="ND">
				<point X="-6.71233" Y="0.618088" Z="20.6584" />
				<point X="-17.5731" Y="0.419592" Z="12.7676" />
				<point X="-21.7216" Y="-0.959711" Z="-1.89896e-06" />
				<point X="-17.5731" Y="-0.573237" Z="-12.7676" />
				<point X="-6.71234" Y="-0.41353" Z="-20.6584" />
				<point X="6.71234" Y="-0.306846" Z="-20.6584" />
				<point X="17.5731" Y="-0.210715" Z="-12.7676" />
				<point X="21.7216" Y="-0.987051" Z="0" />
				<point X="17.5731" Y="-0.515128" Z="12.7676" />
				<point X="6.71233" Y="0.0742031" Z="20.6584" />
			</translate>
			<group>
				<scale X="0.0320569" Y="0.0320569" Z="0.0320569" />
				<models>
					<model file = "esferaAsteroide.3d" texture="asteroide.jpg" limit="E" raio="0.0320569" />
				</models>
			</group>
			</group>
			<!--ASTEROIDE-->
			<group>
			<translate time="107" NC="ND">
				<point X="7.13467" Y="0.317226" Z="-21.9582" />
				<point X="18.6788" Y="-0.298101" Z="-13.5709" />
				<point X="23.0883" Y="-0.630385" Z="0" />
				<point X="18.6788" Y="-0.0489181" Z="13.5709" />
				<point X="7.13467" Y="-0.375664" Z="21.9582" />
				<point X="-7.13467" Y="0.723511" Z="21.9582" />
				<point X="-18.6788" Y="0.07301" Z="13.5709" />
				<point X="-23.0883" Y="-0.541746" Z="-2.01844e-06" />
				<point X="-18.6788" Y="0.254502" Z="-13.5709" />
				<point X="-7.13467" Y="0.554055" Z="-21.9582" />
			</translate>
			<group>
				<scale X="0.0541925" Y="0.0541925" Z="0.0541925" />
				<models>
					<model file = "esferaAsteroide.3d" texture="asteroide.jpg" limit="E" raio="0.0541925" />
				</models>
			</group>
			</group>
			<!--ASTEROIDE-->
			<group>
			<translate time="55" NC="ND">
				<point X="7.01534" Y="0.162212" Z="21.591" />
				<point X="-7.01534" Y="0.832977" Z="21.591" />
				<point X="-18.3664" Y="-0.971199" Z="13.344" />
				<point X="-22.7021" Y="0.748682" Z="-1.98468e-06" />
				<point X="-18.3664" Y="-0.473869" Z="-13.344" />
				<point X="-7.01534" Y="-0.181914" Z="-21.591" />
				<point X="7.01534" Y="0.761631" Z="-21.591" />
				<point X="18.3664" Y="0.011003" Z="-13.344" />
				<point X="22.7021" Y="0.892289" Z="0" />
				<point X="18.3664" Y="0.153808" Z="13.344" />
			</translate>
			<group>
				<scale X="0.059679" Y="0.059679" Z="0.059679" />
				<models>
					<model file = "esferaAsteroide.3d" texture="asteroide.jpg" limit="E" raio="0.059679" />
				</models>
			</group>
			</group>
			<!--ASTEROIDE-->
			<group>
			<translate time="106" NC="ND">
				<point X="-18.0525" Y="0.994272" Z="13.1159" />
				<point X="-22.3141" Y="0.630713" Z="-1.95076e-06" />
				<point X="-18.0525" Y="-0.0536115" Z="-13.1159" />
				<point X="-6.89545" Y="-0.381392" Z="-21.222" />
				<point X="6.89545" Y="0.354224" Z="-21.222" />
				<point X="18.0525" Y="-0.980601" Z="-13.1159" />
				<point X="22.3141" Y="0.076862" Z="0" />
				<point X="18.0525" Y="-0.391274" Z="13.1159" />
				<point X="6.89545" Y="0.573453" Z="21.222" />
				<point X="-6.89545" Y="-0.788402" Z="21.222" />
			</translate>
			<group>
				<scale X="0.0335616" Y="0.0335616" Z="0.0335616" />
				<models>
					<model file = "esferaAsteroide.3d" texture="asteroide.jpg" limit="E" raio="0.0335616" />
				</models>
			</group>
			</group>
			<!--ASTEROIDE-->
			<group>
			<translate time="91" NC="ND">
				<point X="-6.7054" Y="-0.908262" Z="-20.6371" />
				<point X="6.7054" Y="0.188243" Z="-20.6371" />
				<point X="17.555" Y="-0.134889" Z="-12.7544" />
				<point X="21.6991" Y="-0.382131" Z="0" />
				<point X="17.5549" Y="-0.993672" Z="12.7544" />
				<point X="6.70539" Y="-0.373259" Z="20.6371" />
				<point X="-6.70539" Y="0.628872" Z="20.6371" />
				<point X="-17.555" Y="0.898617" Z="12.7544" />
				<point X="-21.6991" Y="0.78055" Z="-1.897e-06" />
				<point X="-17.5549" Y="-0.495037" Z="-12.7544" />
			</translate>
			<group>
				<scale X="0.0590843" Y="0.0590843" Z="0.0590843" />
				<models>
					<model file = "esferaAsteroide.3d" texture="asteroide.jpg" limit="E" raio="0.0590843" />
				</models>
			</group>
			</group>
			<!--ASTEROIDE-->
			<group>
			<translate time="130" NC="ND">
				<point X="-7.18489" Y="-0.607657" Z="22.1128" />
				<point X="-18.8103" Y="0.400326" Z="13.6665" />
				<point X="-23.2508" Y="-0.589784" Z="-2.03265e-06" />
				<point X="-18.8103" Y="0.746567" Z="-13.6665" />
				<point X="-7.18489" Y="0.419724" Z="-22.1128" />
				<point X="7.18489" Y="0.487078" Z="-22.1128" />
				<point X="18.8103" Y="-0.644707" Z="-13.6665" />
				<point X="23.2508" Y="-0.00682228" Z="0" />
				<point X="18.8103" Y="0.698676" Z="13.6665" />
				<point X="7.18489" Y="-0.178633" Z="22.1128" />
			</translate>
			<group>
				<scale X="0.0559467" Y="0.0559467" Z="0.0559467" />
				<models>
					<model file = "esferaAsteroide.3d" texture="asteroide.jpg" limit="E" raio="0.0559467" />
				</models>
			</group>
			</group>
			<!--ASTEROIDE-->
			<group>
			<translate time="138" NC="ND">
				<point X="-17.6575" Y="-0.101734" Z="12.8289" />
				<point X="-21.8259" Y="0.634433" Z="-1.90808e-06" />
				<point X="-17.6575" Y="0.789735" Z="-12.8289" />
				<point X="-6.74457" Y="-0.0954062" Z="-20.7576" />
				<point X="6.74457" Y="-0.738825" Z="-20.7576" />
				<point X="17.6575" Y="0.418607" Z="-12.8289" />
				<point X="21.8259" Y="-0.196789" Z="0" />
				<point X="17.6575" Y="-0.958276" Z="12.8289" />
				<point X="6.74457" Y="0.923569" Z="20.7576" />
				<point X="-6.74457" Y="-0.696257" Z="20.7576" />
			</translate>
			<group>
				<scale X="0.0416026" Y="0.0416026" Z="0.0416026" />
				<models>
					<model file = "esferaAsteroide.3d" texture="asteroide.jpg" limit="E" raio="0.0416026" />
				</models>
			</group>
			</group>
			<!--ASTEROIDE-->
			<group>
			<translate time="95" NC="ND">
				<point X="-6.72129" Y="-0.645382" Z="-20.686" />
				<point X="6.72129" Y="0.922729" Z="-20.686" />
				<point X="17.5966" Y="0.204282" Z="-12.7846" />
				<point X="21.7505" Y="0.774342" Z="0" />
				<point X="17.5965" Y="0.409807" Z="12.7846" />
				<point X="6.72128" Y="0.559576" Z="20.686" />
				<point X="-6.72128" Y="-0.23248" Z="20.686" />
				<point X="-17.5966" Y="0.108484" Z="12.7846" />
				<point X="-21.7505" Y="-0.619058" Z="-1.90149e-06" />
				<point X="-17.5965" Y="0.318101" Z="-12.7846" />
			</translate>
			<group>
				<scale X="0.0413074" Y="0.0413074" Z="0.0413074" />
				<models>
					<model file = "esferaAsteroide.3d" texture="asteroide.jpg" limit="E" raio="0.0413074" />
				</models>
			</group>
			</group>
			<!--ASTEROIDE-->
			<group>
			<translate time="63" NC="ND">
				<point X="17.9133" Y="0.165133" Z="13.0148" />
				<point X="6.84227" Y="-0.577329" Z="21.0584" />
				<point X="-6.84228" Y="-0.169016" Z="21.0584" />
				<point X="-17.9133" Y="0.426308" Z="13.0148" />
				<point X="-22.1421" Y="0.841277" Z="-1.93572e-06" />
				<point X="-17.9133" Y="0.634195" Z="-13.0148" />
				<point X="-6.84228" Y="0.468032" Z="-21.0584" />
				<point X="6.84228" Y="0.764847" Z="-21.0584" />
				<point X="17.9133" Y="0.937937" Z="-13.0148" />
				<point X="22.1421" Y="0.968388" Z="0" />
			</translate>
			<group>
				<scale X="0.0405625" Y="0.0405625" Z="0.0405625" />
				<models>
					<model file = "esferaAsteroide.3d" texture="asteroide.jpg" limit="E" raio="0.0405625" />
				</models>
			</group>
			</group>
			<!--ASTEROIDE-->
			<group>
			<translate time="135" NC="ND">
				<point X="-18.7924" Y="-0.0790063" Z="-13.6534" />
				<point X="-7.17804" Y="0.665308" Z="-22.0917" />
				<point X="7.17804" Y="0.0516404" Z="-22.0917" />
				<point X="18.7924" Y="-0.669199" Z="-13.6534" />
				<point X="23.2286" Y="0.224883" Z="0" />
				<point X="18.7924" Y="0.819161" Z="13.6534" />
				<point X="7.17804" Y="0.439285" Z="22.0917" />
				<point X="-7.17804" Y="0.605825" Z="22.0917" />
				<point X="-18.7924" Y="0.137262" Z="13.6534" />
				<point X="-23.2286" Y="-0.799338" Z="-2.03071e-06" />
			</translate>
			<group>
				<scale X="0.0384536" Y="0.0384536" Z="0.0384536" />
				<models>
					<model file = "esferaAsteroide.3d" texture="asteroide.jpg" limit="E" raio="0.0384536" />
				</models>
			</group>
			</group>
			<!--ASTEROIDE-->
			<group>
			<translate time="130" NC="ND">
				<point X="6.98389" Y="-0.877498" Z="21.4942" />
				<point X="-6.98389" Y="-0.0772396" Z="21.4942" />
				<point X="-18.2841" Y="-0.677196" Z="13.2841" />
				<point X="-22.6003" Y="0.96378" Z="-1.97578e-06" />
				<point X="-18.2841" Y="-0.443045" Z="-13.2842" />
				<point X="-6.98389" Y="0.790836" Z="-21.4942" />
				<point X="6.98389" Y="0.728627" Z="-21.4942" />
				<point X="18.2841" Y="-0.505107" Z="-13.2841" />
				<point X="22.6003" Y="0.759224" Z="0" />
				<point X="18.2841" Y="0.214378" Z="13.2841" />
			</translate>
			<group>
				<scale X="0.0546272" Y="0.0546272" Z="0.0546272" />
				<models>
					<model file = "esferaAsteroide.3d" texture="asteroide.jpg" limit="E" raio="0.0546272" />
				</models>
			</group>
			</group>
			<!--ASTEROIDE-->
			<group>
			<translate time="149" NC="ND">
				<point X="18.8075" Y="0.624535" Z="13.6644" />
				<point X="7.18381" Y="0.0108421" Z="22.1095" />
				<point X="-7.18381" Y="0.464438" Z="22.1095" />
				<point X="-18.8075" Y="-0.150582" Z="13.6644" />
				<point X="-23.2473" Y="-0.169997" Z="-2.03234e-06" />
				<point X="-18.8075" Y="-0.0962778" Z="-13.6644" />
				<point X="-7.18381" Y="-0.544756" Z="-22.1095" />
				<point X="7.18381" Y="0.967265" Z="-22.1095" />
				<point X="18.8075" Y="0.104384" Z="-13.6644" />
				<point X="23.2473" Y="0.522139" Z="0" />
			</translate>
			<group>
				<scale X="0.0242529" Y="0.0242529" Z="0.0242529" />
				<models>
					<model file = "esferaAsteroide.3d" texture="asteroide.jpg" limit="E" raio="0.0242529" />
				</models>
			</group>
			</group>
			<!--ASTEROIDE-->
			<group>
			<translate time="74" NC="ND">
				<point X="17.1503" Y="0.147188" Z="12.4604" />
				<point X="6.55084" Y="-0.944954" Z="20.1614" />
				<point X="-6.55084" Y="0.308253" Z="20.1614" />
				<point X="-17.1503" Y="0.704144" Z="12.4604" />
				<point X="-21.199" Y="0.845882" Z="-1.85327e-06" />
				<point X="-17.1503" Y="0.0368796" Z="-12.4604" />
				<point X="-6.55085" Y="-0.800964" Z="-20.1614" />
				<point X="6.55085" Y="0.605106" Z="-20.1614" />
				<point X="17.1503" Y="-0.748742" Z="-12.4604" />
				<point X="21.199" Y="0.697239" Z="0" />
			</translate>
			<group>
				<scale X="0.0444394" Y="0.0444394" Z="0.0444394" />
				<models>
					<model file = "esferaAsteroide.3d" texture="asteroide.jpg" limit="E" raio="0.0444394" />
				</models>
			</group>
			</group>
			<!--ASTEROIDE-->
			<group>
			<translate time="52" NC="ND">
				<point X="-21.4305" Y="0.257054" Z="-1.87352e-06" />
				<point X="-17.3377" Y="0.061975" Z="-12.5965" />
				<point X="-6.6224" Y="-0.869581" Z="-20.3816" />
				<point X="6.6224" Y="-0.912944" Z="-20.3816" />
				<point X="17.3377" Y="0.965697" Z="-12.5965" />
				<point X="21.4305" Y="-0.414337" Z="0" />
				<point X="17.3377" Y="-0.945679" Z="12.5965" />
				<point X="6.62239" Y="0.0700815" Z="20.3816" />
				<point X="-6.62239" Y="-0.892197" Z="20.3816" />
				<point X="-17.3377" Y="-0.813027" Z="12.5965" />
			</translate>
			<group>
				<scale X="0.0531293" Y="0.0531293" Z="0.0531293" />
				<models>
					<model file = "esferaAsteroide.3d" texture="asteroide.jpg" limit="E" raio="0.0531293" />
				</models>
			</group>
			</group>
			<!--ASTEROIDE-->
			<group>
			<translate time="54" NC="ND">
				<point X="23.8587" Y="0.693116" Z="0" />
				<point X="19.3021" Y="0.9825" Z="14.0238" />
				<point X="7.37276" Y="0.262732" Z="22.691" />
				<point X="-7.37276" Y="0.538999" Z="22.691" />
				<point X="-19.3021" Y="0.0193792" Z="14.0238" />
				<point X="-23.8587" Y="0.461769" Z="-2.0858e-06" />
				<point X="-19.3021" Y="0.144105" Z="-14.0238" />
				<point X="-7.37276" Y="0.270637" Z="-22.691" />
				<point X="7.37276" Y="0.159007" Z="-22.691" />
				<point X="19.3021" Y="0.431115" Z="-14.0238" />
			</translate>
			<group>
				<scale X="0.028228" Y="0.028228" Z="0.028228" />
				<models>
					<model file = "esferaAsteroide.3d" texture="asteroide.jpg" limit="E" raio="0.028228" />
				</models>
			</group>
			</group>
			<!--ASTEROIDE-->
			<group>
			<translate time="53" NC="ND">
				<point X="-7.29336" Y="-0.60595" Z="-22.4467" />
				<point X="7.29336" Y="-0.773106" Z="-22.4467" />
				<point X="19.0943" Y="0.0214359" Z="-13.8728" />
				<point X="23.6018" Y="-0.640253" Z="0" />
				<point X="19.0943" Y="-0.187443" Z="13.8728" />
				<point X="7.29336" Y="0.075757" Z="22.4467" />
				<point X="-7.29336" Y="0.429829" Z="22.4467" />
				<point X="-19.0943" Y="-0.0796402" Z="13.8728" />
				<point X="-23.6018" Y="0.26273" Z="-2.06334e-06" />
				<point X="-19.0943" Y="0.335657" Z="-13.8728" />
			</translate>
			<group>
				<scale X="0.0535465" Y="0.0535465" Z="0.0535465" />
				<models>
					<model file = "esferaAsteroide.3d" texture="asteroide.jpg" limit="E" raio="0.0535465" />
				</models>
			</group>
			</group>
			<!--ASTEROIDE-->
			<group>
			<translate time="115" NC="ND">
				<point X="21.3752" Y="-0.0931207" Z="0" />
				<point X="17.2929" Y="-0.504549" Z="12.564" />
				<point X="6.6053" Y="-0.794157" Z="20.329" />
				<point X="-6.6053" Y="0.926259" Z="20.329" />
				<point X="-17.2929" Y="0.95722" Z="12.564" />
				<point X="-21.3752" Y="0.349947" Z="-1.86868e-06" />
				<point X="-17.2929" Y="0.196896" Z="-12.564" />
				<point X="-6.6053" Y="0.116227" Z="-20.329" />
				<point X="6.6053" Y="-0.218938" Z="-20.329" />
				<point X="17.2929" Y="-0.0685664" Z="-12.564" />
			</translate>
			<group>
				<scale X="0.0394746" Y="0.0394746" Z="0.0394746" />
				<models>
					<model file = "esferaAsteroide.3d" texture="asteroide.jpg" limit="E" raio="0.0394746" />
				</models>
			</group>
			</group>
			<!--ASTEROIDE-->
			<group>
			<translate time="72" NC="ND">
				<point X="-19.3335" Y="-0.744931" Z="-14.0466" />
				<point X="-7.38475" Y="-0.585797" Z="-22.7279" />
				<point X="7.38475" Y="0.0173067" Z="-22.7279" />
				<point X="19.3335" Y="0.0676268" Z="-14.0466" />
				<point X="23.8976" Y="0.48996" Z="0" />
				<point X="19.3335" Y="-0.552864" Z="14.0466" />
				<point X="7.38475" Y="0.987987" Z="22.7279" />
				<point X="-7.38475" Y="-0.24731" Z="22.7279" />
				<point X="-19.3335" Y="0.782793" Z="14.0466" />
				<point X="-23.8976" Y="-0.76188" Z="-2.08919e-06" />
			</translate>
			<group>
				<scale X="0.0252702" Y="0.0252702" Z="0.0252702" />
				<models>
					<model file = "esferaAsteroide.3d" texture="asteroide.jpg" limit="E" raio="0.0252702" />
				</models>
			</group>
			</group>
			<!--ASTEROIDE-->
			<group>
			<translate time="84" NC="ND">
				<point X="6.6872" Y="-0.84501" Z="20.5811" />
				<point X="-6.6872" Y="0.629207" Z="20.5811" />
				<point X="-17.5073" Y="0.995637" Z="12.7198" />
				<point X="-21.6402" Y="-0.88779" Z="-1.89185e-06" />
				<point X="-17.5073" Y="-0.0208455" Z="-12.7198" />
				<point X="-6.6872" Y="0.192533" Z="-20.5811" />
				<point X="6.6872" Y="0.228437" Z="-20.5811" />
				<point X="17.5073" Y="0.760216" Z="-12.7198" />
				<point X="21.6402" Y="-0.876034" Z="0" />
				<point X="17.5073" Y="0.160138" Z="12.7198" />
			</translate>
			<group>
				<scale X="0.04325" Y="0.04325" Z="0.04325" />
				<models>
					<model file = "esferaAsteroide.3d" texture="asteroide.jpg" limit="E" raio="0.04325" />
				</models>
			</group>
			</group>
			<!--ASTEROIDE-->
			<group>
			<translate time="62" NC="ND">
				<point X="-6.59069" Y="-0.974425" Z="-20.284" />
				<point X="6.59069" Y="-0.937659" Z="-20.284" />
				<point X="17.2546" Y="-0.48899" Z="-12.5362" />
				<point X="21.3279" Y="0.515536" Z="0" />
				<point X="17.2546" Y="-0.490523" Z="12.5362" />
				<point X="6.59069" Y="-0.501004" Z="20.284" />
				<point X="-6.59069" Y="-0.731774" Z="20.284" />
				<point X="-17.2546" Y="-0.70773" Z="12.5362" />
				<point X="-21.3279" Y="-0.262884" Z="-1.86454e-06" />
				<point X="-17.2546" Y="-0.304955" Z="-12.5362" />
			</translate>
			<group>
				<scale X="0.0437663" Y="0.0437663" Z="0.0437663" />
				<models>
					<model file = "esferaAsteroide.3d" texture="asteroide.jpg" limit="E" raio="0.0437663" />
				</models>
			</group>
			</group>
			<!--ASTEROIDE-->
			<group>
			<translate time="74" NC="ND">
				<point X="-6.9755" Y="-0.898638" Z="21.4684" />
				<point X="-18.2621" Y="0.964631" Z="13.2682" />
				<point X="-22.5732" Y="-0.378216" Z="-1.97341e-06" />
				<point X="-18.2621" Y="0.0805164" Z="-13.2682" />
				<point X="-6.9755" Y="0.157164" Z="-21.4684" />
				<point X="6.9755" Y="0.850222" Z="-21.4684" />
				<point X="18.2621" Y="-0.159267" Z="-13.2682" />
				<point X="22.5732" Y="0.281131" Z="0" />
				<point X="18.2621" Y="0.0103598" Z="13.2682" />
				<point X="6.9755" Y="0.0593373" Z="21.4684" />
			</translate>
			<group>
				<scale X="0.0270917" Y="0.0270917" Z="0.0270917" />
				<models>
					<model file = "esferaAsteroide.3d" texture="asteroide.jpg" limit="E" raio="0.0270917" />
				</models>
			</group>
			</group>
			<!--ASTEROIDE-->
			<group>
			<translate time="103" NC="ND">
				<point X="-7.2628" Y="-0.224018" Z="22.3526" />
				<point X="-19.0143" Y="-0.846933" Z="13.8147" />
				<point X="-23.5029" Y="-0.78818" Z="-2.05469e-06" />
				<point X="-19.0143" Y="0.285459" Z="-13.8147" />
				<point X="-7.2628" Y="-0.347937" Z="-22.3526" />
				<point X="7.2628" Y="-0.519954" Z="-22.3526" />
				<point X="19.0143" Y="0.577729" Z="-13.8147" />
				<point X="23.5029" Y="0.389179" Z="0" />
				<point X="19.0143" Y="0.175091" Z="13.8147" />
				<point X="7.2628" Y="-0.373481" Z="22.3526" />
			</translate>
			<group>
				<scale X="0.0334142" Y="0.0334142" Z="0.0334142" />
				<models>
					<model file = "esferaAsteroide.3d" texture="asteroide.jpg" limit="E" raio="0.0334142" />
				</models>
			</group>
			</group>
			<!--ASTEROIDE-->
			<group>
			<translate time="88" NC="ND">
				<point X="-18.5533" Y="0.22242" Z="13.4798" />
				<point X="-22.9332" Y="-0.338966" Z="-2.00488e-06" />
				<point X="-18.5533" Y="-0.719448" Z="-13.4798" />
				<point X="-7.08675" Y="-0.620415" Z="-21.8108" />
				<point X="7.08675" Y="-0.488745" Z="-21.8108" />
				<point X="18.5533" Y="0.121285" Z="-13.4798" />
				<point X="22.9332" Y="0.660716" Z="0" />
				<point X="18.5533" Y="0.521615" Z="13.4798" />
				<point X="7.08675" Y="-0.819378" Z="21.8108" />
				<point X="-7.08675" Y="0.329322" Z="21.8108" />
			</translate>
			<group>
				<scale X="0.0419735" Y="0.0419735" Z="0.0419735" />
				<models>
					<model file = "esferaAsteroide.3d" texture="asteroide.jpg" limit="E" raio="0.0419735" />
				</models>
			</group>
			</group>
			<!--ASTEROIDE-->
			<group>
			<translate time="119" NC="ND">
				<point X="-7.28676" Y="0.515412" Z="22.4263" />
				<point X="-19.077" Y="0.759436" Z="13.8602" />
				<point X="-23.5804" Y="-0.895597" Z="-2.06147e-06" />
				<point X="-19.077" Y="-0.832525" Z="-13.8602" />
				<point X="-7.28676" Y="-0.760518" Z="-22.4263" />
				<point X="7.28676" Y="0.682132" Z="-22.4263" />
				<point X="19.077" Y="0.556654" Z="-13.8602" />
				<point X="23.5804" Y="0.414573" Z="0" />
				<point X="19.077" Y="-0.691348" Z="13.8602" />
				<point X="7.28675" Y="-0.154551" Z="22.4263" />
			</translate>
			<group>
				<scale X="0.0208592" Y="0.0208592" Z="0.0208592" />
				<models>
					<model file = "esferaAsteroide.3d" texture="asteroide.jpg" limit="E" raio="0.0208592" />
				</models>
			</group>
			</group>
			<!--ASTEROIDE-->
			<group>
			<translate time="95" NC="ND">
				<point X="18.1352" Y="0.644532" Z="-13.176" />
				<point X="22.4164" Y="-0.112086" Z="0" />
				<point X="18.1352" Y="0.705243" Z="13.176" />
				<point X="6.92704" Y="-0.844212" Z="21.3192" />
				<point X="-6.92704" Y="-0.990801" Z="21.3192" />
				<point X="-18.1352" Y="0.365958" Z="13.176" />
				<point X="-22.4164" Y="0.677403" Z="-1.9597e-06" />
				<point X="-18.1352" Y="-0.810179" Z="-13.176" />
				<point X="-6.92704" Y="-0.30472" Z="-21.3192" />
				<point X="6.92704" Y="0.397691" Z="-21.3192" />
			</translate>
			<group>
				<scale X="0.0220648" Y="0.0220648" Z="0.0220648" />
				<models>
					<model file = "esferaAsteroide.3d" texture="asteroide.jpg" limit="E" raio="0.0220648" />
				</models>
			</group>
			</group>
			<!--ASTEROIDE-->
			<group>
			<translate time="127" NC="ND">
				<point X="22.5617" Y="-0.651795" Z="0" />
				<point X="18.2528" Y="0.661591" Z="13.2615" />
				<point X="6.97196" Y="-0.557077" Z="21.4575" />
				<point X="-6.97196" Y="-0.412313" Z="21.4575" />
				<point X="-18.2528" Y="0.343723" Z="13.2615" />
				<point X="-22.5617" Y="0.999577" Z="-1.97241e-06" />
				<point X="-18.2528" Y="-0.997739" Z="-13.2615" />
				<point X="-6.97196" Y="0.652375" Z="-21.4575" />
				<point X="6.97196" Y="-0.154974" Z="-21.4575" />
				<point X="18.2528" Y="-0.0534902" Z="-13.2614" />
			</translate>
			<group>
				<scale X="0.0352007" Y="0.0352007" Z="0.0352007" />
				<models>
					<model file = "esferaAsteroide.3d" texture="asteroide.jpg" limit="E" raio="0.0352007" />
				</models>
			</group>
			</group>
			<!--ASTEROIDE-->
			<group>
			<translate time="102" NC="ND">
				<point X="-22.5896" Y="-0.445025" Z="-1.97484e-06" />
				<point X="-18.2753" Y="0.979165" Z="-13.2778" />
				<point X="-6.98056" Y="0.730328" Z="-21.4839" />
				<point X="6.98056" Y="-0.435826" Z="-21.4839" />
				<point X="18.2753" Y="0.345123" Z="-13.2778" />
				<point X="22.5896" Y="0.407731" Z="0" />
				<point X="18.2753" Y="-0.246005" Z="13.2778" />
				<point X="6.98055" Y="-0.959597" Z="21.4839" />
				<point X="-6.98056" Y="-0.194577" Z="21.4839" />
				<point X="-18.2753" Y="0.795147" Z="13.2778" />
			</translate>
			<group>
				<scale X="0.0586002" Y="0.0586002" Z="0.0586002" />
				<models>
					<model file = "esferaAsteroide.3d" texture="asteroide.jpg" limit="E" raio="0.0586002" />
				</models>
			</group>
			</group>
			<!--ASTEROIDE-->
			<group>
			<translate time="61" NC="ND">
				<point X="22.168" Y="0.997424" Z="0" />
				<point X="17.9343" Y="-0.716169" Z="13.03" />
				<point X="6.85028" Y="0.319809" Z="21.083" />
				<point X="-6.85028" Y="0.341147" Z="21.083" />
				<point X="-17.9343" Y="-0.716592" Z="13.03" />
				<point X="-22.168" Y="0.322069" Z="-1.93799e-06" />
				<point X="-17.9343" Y="-0.00647854" Z="-13.03" />
				<point X="-6.85028" Y="0.128434" Z="-21.083" />
				<point X="6.85028" Y="-0.731421" Z="-21.083" />
				<point X="17.9343" Y="-0.946778" Z="-13.03" />
			</translate>
			<group>
				<scale X="0.0276783" Y="0.0276783" Z="0.0276783" />
				<models>
					<model file = "esferaAsteroide.3d" texture="asteroide.jpg" limit="E" raio="0.0276783" />
				</models>
			</group>
			</group>
			<!--ASTEROIDE-->
			<group>
			<translate time="83" NC="ND">
				<point X="21.115" Y="-0.670215" Z="0" />
				<point X="17.0824" Y="0.503457" Z="12.4111" />
				<point X="6.52491" Y="-0.160568" Z="20.0816" />
				<point X="-6.52491" Y="0.674908" Z="20.0816" />
				<point X="-17.0824" Y="-0.0888122" Z="12.4111" />
				<point X="-21.115" Y="0.593426" Z="-1.84594e-06" />
				<point X="-17.0824" Y="0.715312" Z="-12.4111" />
				<point X="-6.52491" Y="0.71661" Z="-20.0816" />
				<point X="6.52491" Y="0.388573" Z="-20.0816" />
				<point X="17.0824" Y="-0.506042" Z="-12.4111" />
			</translate>
			<group>
				<scale X="0.0544057" Y="0.0544057" Z="0.0544057" />
				<models>
					<model file = "esferaAsteroide.3d" texture="asteroide.jpg" limit="E" raio="0.0544057" />
				</models>
			</group>
			</group>
			<!--ASTEROIDE-->
			<group>
			<translate time="137" NC="ND">
				<point X="22.9231" Y="0.406808" Z="0" />
				<point X="18.5452" Y="0.824419" Z="13.4739" />
				<point X="7.08363" Y="-0.831639" Z="21.8012" />
				<point X="-7.08363" Y="0.690216" Z="21.8012" />
				<point X="-18.5452" Y="0.146488" Z="13.4739" />
				<point X="-22.9231" Y="0.161883" Z="-2.004e-06" />
				<point X="-18.5452" Y="-0.181349" Z="-13.4739" />
				<point X="-7.08363" Y="0.415068" Z="-21.8012" />
				<point X="7.08363" Y="0.215104" Z="-21.8012" />
				<point X="18.5452" Y="-0.104651" Z="-13.4739" />
			</translate>
			<group>
				<scale X="0.0365958" Y="0.0365958" Z="0.0365958" />
				<models>
					<model file = "esferaAsteroide.3d" texture="asteroide.jpg" limit="E" raio="0.0365958" />
				</models>
			</group>
			</group>
			<!--ASTEROIDE-->
			<group>
			<translate time="139" NC="ND">
				<point X="-7.23733" Y="-0.10976" Z="22.2742" />
				<point X="-18.9476" Y="-0.949923" Z="13.7662" />
				<point X="-23.4205" Y="0.250663" Z="-2.04748e-06" />
				<point X="-18.9476" Y="0.801428" Z="-13.7662" />
				<point X="-7.23733" Y="0.643503" Z="-22.2742" />
				<point X="7.23733" Y="-0.0340259" Z="-22.2742" />
				<point X="18.9476" Y="0.518038" Z="-13.7662" />
				<point X="23.4205" Y="0.0320764" Z="0" />
				<point X="18.9476" Y="0.459932" Z="13.7662" />
				<point X="7.23733" Y="-0.199892" Z="22.2742" />
			</translate>
			<group>
				<scale X="0.0449194" Y="0.0449194" Z="0.0449194" />
				<models>
					<model file = "esferaAsteroide.3d" texture="asteroide.jpg" limit="E" raio="0.0449194" />
				</models>
			</group>
			</group>
			<!--ASTEROIDE-->
			<group>
			<translate time="144" NC="ND">
				<point X="6.8623" Y="0.133595" Z="-21.12" />
				<point X="17.9657" Y="0.285298" Z="-13.0529" />
				<point X="22.2068" Y="0.0201098" Z="0" />
				<point X="17.9657" Y="-0.719917" Z="13.0529" />
				<point X="6.86229" Y="-0.552819" Z="21.12" />
				<point X="-6.86229" Y="0.838761" Z="21.12" />
				<point X="-17.9657" Y="0.695151" Z="13.0529" />
				<point X="-22.2068" Y="0.662286" Z="-1.94138e-06" />
				<point X="-17.9657" Y="-0.26589" Z="-13.0529" />
				<point X="-6.8623" Y="0.308806" Z="-21.12" />
			</translate>
			<group>
				<scale X="0.0584617" Y="0.0584617" Z="0.0584617" />
				<models>
					<model file = "esferaAsteroide.3d" texture="asteroide.jpg" limit="E" raio="0.0584617" />
				</models>
			</group>
			</group>
			<!--ASTEROIDE-->
			<group>
			<translate time="50" NC="ND">
				<point X="-21.8965" Y="0.858396" Z="-1.91425e-06" />
				<point X="-17.7146" Y="-0.193504" Z="-12.8704" />
				<point X="-6.7664" Y="0.387258" Z="-20.8248" />
				<point X="6.7664" Y="0.501899" Z="-20.8248" />
				<point X="17.7147" Y="0.77247" Z="-12.8704" />
				<point X="21.8965" Y="-0.0947042" Z="0" />
				<point X="17.7146" Y="-0.466025" Z="12.8704" />
				<point X="6.76639" Y="0.232401" Z="20.8248" />
				<point X="-6.76639" Y="0.705404" Z="20.8248" />
				<point X="-17.7146" Y="0.338541" Z="12.8704" />
			</translate>
			<group>
				<scale X="0.0339118" Y="0.0339118" Z="0.0339118" />
				<models>
					<model file = "esferaAsteroide.3d" texture="asteroide.jpg" limit="E" raio="0.0339118" />
				</models>
			</group>
			</group>
			<!--ASTEROIDE-->
			<group>
			<translate time="129" NC="ND">
				<point X="7.1949" Y="0.924359" Z="-22.1436" />
				<point X="18.8365" Y="0.978492" Z="-13.6855" />
				<point X="23.2832" Y="-0.938605" Z="0" />
				<point X="18.8365" Y="-0.62846" Z="13.6855" />
				<point X="7.1949" Y="0.817253" Z="22.1436" />
				<point X="-7.1949" Y="0.756545" Z="22.1436" />
				<point X="-18.8365" Y="-0.966174" Z="13.6855" />
				<point X="-23.2832" Y="-0.448638" Z="-2.03548e-06" />
				<point X="-18.8365" Y="0.0653516" Z="-13.6855" />
				<point X="-7.1949" Y="-0.368501" Z="-22.1436" />
			</translate>
			<group>
				<scale X="0.0329543" Y="0.0329543" Z="0.0329543" />
				<models>
					<model file = "esferaAsteroide.3d" texture="asteroide.jpg" limit="E" raio="0.0329543" />
				</models>
			</group>
			</group>
			<!--ASTEROIDE-->
			<group>
			<translate time="117" NC="ND">
				<point X="-6.7357" Y="-0.106229" Z="-20.7303" />
				<point X="6.7357" Y="-0.265972" Z="-20.7303" />
				<point X="17.6343" Y="0.800113" Z="-12.812" />
				<point X="21.7972" Y="-0.33376" Z="0" />
				<point X="17.6343" Y="0.639324" Z="12.812" />
				<point X="6.73569" Y="-0.665911" Z="20.7303" />
				<point X="-6.73569" Y="0.898642" Z="20.7303" />
				<point X="-17.6343" Y="0.344728" Z="12.812" />
				<point X="-21.7972" Y="0.672629" Z="-1.90557e-06" />
				<point X="-17.6343" Y="0.420766" Z="-12.8121" />
			</translate>
			<group>
				<scale X="0.0287964" Y="0.0287964" Z="0.0287964" />
				<models>
					<model file = "esferaAsteroide.3d" texture="asteroide.jpg" limit="E" raio="0.0287964" />
				</models>
			</group>
			</group>
			<!--ASTEROIDE-->
			<group>
			<translate time="92" NC="ND">
				<point X="22.4598" Y="0.910091" Z="0" />
				<point X="18.1704" Y="-0.836948" Z="13.2016" />
				<point X="6.94047" Y="-0.644274" Z="21.3606" />
				<point X="-6.94047" Y="0.727344" Z="21.3606" />
				<point X="-18.1704" Y="0.919598" Z="13.2016" />
				<point X="-22.4598" Y="-0.610448" Z="-1.9635e-06" />
				<point X="-18.1704" Y="-0.721294" Z="-13.2016" />
				<point X="-6.94047" Y="-0.0150505" Z="-21.3606" />
				<point X="6.94047" Y="0.021052" Z="-21.3606" />
				<point X="18.1704" Y="-0.189853" Z="-13.2015" />
			</translate>
			<group>
				<scale X="0.0211965" Y="0.0211965" Z="0.0211965" />
				<models>
					<model file = "esferaAsteroide.3d" texture="asteroide.jpg" limit="E" raio="0.0211965" />
				</models>
			</group>
			</group>
			<!--ASTEROIDE-->
			<group>
			<translate time="104" NC="ND">
				<point X="-22.1188" Y="-0.17331" Z="-1.93369e-06" />
				<point X="-17.8945" Y="0.559197" Z="-13.0011" />
				<point X="-6.8351" Y="-0.542567" Z="-21.0363" />
				<point X="6.8351" Y="-0.533986" Z="-21.0363" />
				<point X="17.8945" Y="0.893286" Z="-13.0011" />
				<point X="22.1188" Y="-0.643925" Z="0" />
				<point X="17.8945" Y="0.810741" Z="13.0011" />
				<point X="6.8351" Y="0.565915" Z="21.0363" />
				<point X="-6.8351" Y="0.776841" Z="21.0363" />
				<point X="-17.8945" Y="-0.216042" Z="13.0011" />
			</translate>
			<group>
				<scale X="0.0379484" Y="0.0379484" Z="0.0379484" />
				<models>
					<model file = "esferaAsteroide.3d" texture="asteroide.jpg" limit="E" raio="0.0379484" />
				</models>
			</group>
			</group>
		</group>
		<!--JUPITER-->
		<group>
			<translate time="150">
				<point X="32.44" Y="0" Z="0" />
				<point X="26.2445" Y="0" Z="19.0678" />
				<point X="10.0245" Y="0" Z="30.8523" />
				<point X="-10.0245" Y="0" Z="30.8523" />
				<point X="-26.2445" Y="0" Z="19.0678" />
				<point X="-32.44" Y="0" Z="-2.83599e-06" />
				<point X="-26.2445" Y="0" Z="-19.0678" />
				<point X="-10.0245" Y="0" Z="-30.8523" />
				<point X="10.0245" Y="0" Z="-30.8523" />
				<point X="26.2445" Y="0" Z="-19.0677" />
			</translate>
			<rotate angle="3" axisX="0" axisY="1" axisZ="1" />
			<group>
				<rotate time="30" axisX="0" axisY="1" axisZ="0" />
				<scale X="2.984" Y="2.984" Z="2.984" />
				<models>
					<model file = "esferaPlaneta.3d" texture = "jupiter.jpg" limit="E" raio="2.984" />
				</models>
			</group>
		</group>
		<!--SATURNO-->
		<group>
			<translate time="200">
				<point X="46.639" Y="0" Z="0" />
				<point X="37.7317" Y="0" Z="27.4137" />
				<point X="14.4122" Y="0" Z="44.3563" />
				<point X="-14.4122" Y="0" Z="44.3563" />
				<point X="-37.7317" Y="0" Z="27.4137" />
				<point X="-46.639" Y="0" Z="-4.07731e-06" />
				<point X="-37.7317" Y="0" Z="-27.4137" />
				<point X="-14.4122" Y="0" Z="-44.3563" />
				<point X="14.4122" Y="0" Z="-44.3563" />
				<point X="37.7318" Y="0" Z="-27.4137" />
			</translate>
			<rotate angle="27" axisX="0" axisY="1" axisZ="1" />
			<group>
				<scale X="2.614" Y="2.614" Z="2.614" />
			<group>
				<rotate time="28" axisX="0" axisY="1" axisZ="0" />
				<models>
					<model file = "esferaPlaneta.3d" texture = "saturno.jpg" limit="E" raio="2.614" />
				</models>
			</group>
				<!--ANEIS_SATURNO-->
				<group>
					<rotate angle="120" axisX="1" axisY="0.25" axisZ="0.25" />
					<scale X="1" Y="1" Z="0.01" />
					<models>
						<model file = "torusTex.3d" texture = "anel.jpg" limit="B" />
						<P X="2.5" Y="-1" Z="2.5" />
						<P X="2.5" Y="-1" Z="-2.5" />
						<P X="-2.5" Y="-1" Z="2.5" />
						<P X="-2.5" Y="-1" Z="-2.5" />
						<P X="2.5" Y="1" Z="2.5" />
						<P X="2.5" Y="1" Z="-2.5" />
						<P X="-2.5" Y="1" Z="2.5" />
						<P X="-2.5" Y="1" Z="-2.5" />
					</models>
				</group>
			</group>
		</group>
		<!--URANO-->
		<group>
			<translate time="225">
				<point X="62.13" Y="0" Z="0" />
				<point X="50.2642" Y="0" Z="36.5191" />
				<point X="19.1992" Y="0" Z="59.0891" />
				<point X="-19.1992" Y="0" Z="59.0891" />
				<point X="-50.2642" Y="0" Z="36.5191" />
				<point X="-62.13" Y="0" Z="-5.43158e-06" />
				<point X="-50.2642" Y="0" Z="-36.5191" />
				<point X="-19.1992" Y="0" Z="-59.0891" />
				<point X="19.1992" Y="0" Z="-59.0891" />
				<point X="50.2642" Y="0" Z="-36.5191" />
			</translate>
			<rotate angle="98" axisX="1" axisY="0" axisZ="0" />
			<group>
				<rotate time="25" axisX="1" axisY="0" axisZ="0" />
				<scale X="1.528" Y="1.528" Z="1.528" />
				<models>
					<model file = "esferaPlaneta.3d" texture = "urano.jpg" limit="E" raio="1.528" />
				</models>
			</group>
		</group>
		<!--NEPTUNO-->
		<group>
			<translate time="250">
				<point X="78.888" Y="0" Z="0" />
				<point X="63.8217" Y="0" Z="46.3692" />
				<point X="24.3777" Y="0" Z="75.0269" />
				<point X="-24.3777" Y="0" Z="75.0269" />
				<point X="-63.8217" Y="0" Z="46.3692" />
				<point X="-78.888" Y="0" Z="-6.89661e-06" />
				<point X="-63.8217" Y="0" Z="-46.3692" />
				<point X="-24.3777" Y="0" Z="-75.0269" />
				<point X="24.3777" Y="0" Z="-75.0269" />
				<point X="63.8218" Y="0" Z="-46.3692" />
			</translate>
			<rotate angle="28" axisX="0" axisY="1" axisZ="1" />
			<group>
				<rotate time="20" axisX="0" axisY="1" axisZ="0" />
				<scale X="1.448" Y="1.448" Z="1.448" />
				<models>
					<model file = "esferaPlaneta.3d" texture = "neptuno.jpg" limit="E" raio="1.448" />
				</models>
			</group>
		</group>
		<!--Foguetao-->
		<group>
			<translate time="50">
				<point X="-34" Y="-34" Z="0" />
				<point X="-34" Y="34" Z="0" />
				<point X="34" Y="34" Z="0" />
				<point X="69" Y="0" Z="0" />
				<point X="34" Y="-34" Z="0" />
			</translate>
			<rotate angle="-90" axisX="0" axisY="0" axisZ="1" />
			<scale X="0.8" Y="0.8" Z="0.8" />
			<models>
				<model file="cilindroTex.3d" texture = "cilindro.jpg" limit="B" />
				<P X="0.5" Y="0" Z="0.5" />
				<P X="-0.5" Y="0" Z="-0.5" />
				<P X="-0.5" Y="0" Z="0.5" />
				<P X="0.5" Y="0" Z="-0.5" />
				<P X="0.5" Y="1" Z="0.5" />
				<P X="-0.5" Y="1" Z="-0.5" />
				<P X="-0.5" Y="1" Z="0.5" />
				<P X="0.5" Y="1" Z="-0.5" />
			</models>
			<group>
				<translate X="0" Y="1" Z="0" />
			<scale X="0.8" Y="0.8" Z="0.8" />
				<models>
					<model file="coneTex.3d" texture = "cone.jpg" limit="B"  />
					<P X="0.5" Y="0" Z="0.5" />
					<P X="-0.5" Y="0" Z="-0.5" />
					<P X="-0.5" Y="0" Z="0.5" />
					<P X="0.5" Y="0" Z="-0.5" />
					<P X="0.5" Y="1" Z="0.5" />
					<P X="-0.5" Y="1" Z="-0.5" />
					<P X="-0.5" Y="1" Z="0.5" />
					<P X="0.5" Y="1" Z="-0.5" />
				</models>
			</group>
			<group>
					<translate X="0" Y="0.25" Z="0" />
				<rotate angle="0" axisX="0" axisY="1" axisZ="0" />
				<group>
					<translate X="0.4" Y="0" Z="0" />
					<rotate angle="-135" axisX="0" axisY="0" axisZ="1" />
			<scale X="0.3" Y="0.7" Z="0.3" />
					<models>
						<model file="coneTex.3d" texture = "cone.jpg" limit="B" />
						<P X="0.5" Y="0" Z="0.5" />
						<P X="-0.5" Y="0" Z="-0.5" />
						<P X="-0.5" Y="0" Z="0.5" />
						<P X="0.5" Y="0" Z="-0.5" />
						<P X="0.5" Y="1" Z="0.5" />
						<P X="-0.5" Y="1" Z="-0.5" />
						<P X="-0.5" Y="1" Z="0.5" />
						<P X="0.5" Y="1" Z="-0.5" />
					</models>
				</group>
			</group>
			<group>
					<translate X="0" Y="0.25" Z="0" />
				<rotate angle="90" axisX="0" axisY="1" axisZ="0" />
				<group>
					<translate X="0.4" Y="0" Z="0" />
					<rotate angle="-135" axisX="0" axisY="0" axisZ="1" />
			<scale X="0.3" Y="0.7" Z="0.3" />
					<models>
						<model file="coneTex.3d" texture = "cone.jpg" limit="B" />
						<P X="0.5" Y="0" Z="0.5" />
						<P X="-0.5" Y="0" Z="-0.5" />
						<P X="-0.5" Y="0" Z="0.5" />
						<P X="0.5" Y="0" Z="-0.5" />
						<P X="0.5" Y="1" Z="0.5" />
						<P X="-0.5" Y="1" Z="-0.5" />
						<P X="-0.5" Y="1" Z="0.5" />
						<P X="0.5" Y="1" Z="-0.5" />
					</models>
				</group>
			</group>
			<group>
					<translate X="0" Y="0.25" Z="0" />
				<rotate angle="180" axisX="0" axisY="1" axisZ="0" />
				<group>
					<translate X="0.4" Y="0" Z="0" />
					<rotate angle="-135" axisX="0" axisY="0" axisZ="1" />
			<scale X="0.3" Y="0.7" Z="0.3" />
					<models>
						<model file="coneTex.3d" texture = "cone.jpg" limit="B" />
						<P X="0.5" Y="0" Z="0.5" />
						<P X="-0.5" Y="0" Z="-0.5" />
						<P X="-0.5" Y="0" Z="0.5" />
						<P X="0.5" Y="0" Z="-0.5" />
						<P X="0.5" Y="1" Z="0.5" />
						<P X="-0.5" Y="1" Z="-0.5" />
						<P X="-0.5" Y="1" Z="0.5" />
						<P X="0.5" Y="1" Z="-0.5" />
					</models>
				</group>
			</group>
			<group>
					<translate X="0" Y="0.25" Z="0" />
				<rotate angle="270" axisX="0" axisY="1" axisZ="0" />
				<group>
					<translate X="0.4" Y="0" Z="0" />
					<rotate angle="-135" axisX="0" axisY="0" axisZ="1" />
			<scale X="0.3" Y="0.7" Z="0.3" />
					<models>
						<model file="coneTex.3d" texture = "cone.jpg" limit="B" />
						<P X="0.5" Y="0" Z="0.5" />
						<P X="-0.5" Y="0" Z="-0.5" />
						<P X="-0.5" Y="0" Z="0.5" />
						<P X="0.5" Y="0" Z="-0.5" />
						<P X="0.5" Y="1" Z="0.5" />
						<P X="-0.5" Y="1" Z="-0.5" />
						<P X="-0.5" Y="1" Z="0.5" />
						<P X="0.5" Y="1" Z="-0.5" />
					</models>
				</group>
			</group>
		</group>
		<!--Cometa-->
		<group>
			<translate X="46.639" Y="0" Z="0" />
					<rotate angle="-135" axisX="1" axisY="0" axisZ="0" />
			<translate time="30">
				<point X="55.6878" Y="0" Z="0" />
				<point X="45.0523" Y="11.4564" Z="0" />
				<point X="17.2085" Y="18.5368" Z="0" />
				<point X="-17.2085" Y="18.5368" Z="0" />
				<point X="-45.0523" Y="11.4564" Z="0" />
				<point X="-55.6878" Y="-1.70393e-06" Z="0" />
				<point X="-45.0523" Y="-11.4564" Z="0" />
				<point X="-17.2085" Y="-18.5368" Z="0" />
				<point X="17.2085" Y="-18.5368" Z="0" />
				<point X="45.0524" Y="-11.4563" Z="0" />
			</translate>
			<group>
				<rotate angle="-90" axisX="1" axisY="0" axisZ="0" />
				<scale X="0.2" Y="0.2" Z="0.2" />
				<models>
					<model file = "teapot.3d" texture = "cometa.jpg" limit="B" />
					<P X="3.434" Y="2" Z="3.15" />
					<P X="3.434" Y="2" Z="-1" />
					<P X="-3" Y="2" Z="3.15" />
					<P X="-3" Y="2" Z="-1" />
					<P X="3.434" Y="-2" Z="3.15" />
					<P X="3.434" Y="-2" Z="-1" />
					<P X="-3" Y="-2" Z="3.15" />
					<P X="-3" Y="-2" Z="-1" />
				</models>
			</group>
		</group>
	</group>
</scene>
