<scene>
	<group>
		<!--SOL-->
		<group>
			<scale X="6.963" Y="6.963" Z="6.963" />
			<rotate time="60" axisX="0" axisY="1" axisZ="0" />
			<models>
				<model file = "esfera.3d"/>
			</models>
		</group>
		<!--MERCURIO-->
		<group>
			<translate time="40">
				<point X="9.744" Y="0" Z="0" />
				<point X="7.88306" Y="0" Z="5.72738" />
				<point X="3.01106" Y="0" Z="9.2671" />
				<point X="-3.01106" Y="0" Z="9.26709" />
				<point X="-7.88306" Y="0" Z="5.72738" />
				<point X="-9.744" Y="0" Z="-8.51848e-07" />
				<point X="-7.88306" Y="0" Z="-5.72738" />
				<point X="-3.01106" Y="0" Z="-9.26709" />
				<point X="3.01106" Y="0" Z="-9.26709" />
				<point X="7.88306" Y="0" Z="-5.72738" />
			</translate>
			<rotate time="30" axisX="0" axisY="1" axisZ="0" />
			<scale X="0.314" Y="0.314" Z="0.314" />
			<models>
				<model file = "esfera.3d"/>
			</models>
		</group>
		<!--VENUS-->
		<group>
			<translate time="50">
				<point X="11.696" Y="0" Z="0" />
				<point X="9.46226" Y="0" Z="6.87474" />
				<point X="3.61426" Y="0" Z="11.1236" />
				<point X="-3.61426" Y="0" Z="11.1236" />
				<point X="-9.46226" Y="0" Z="6.87474" />
				<point X="-11.696" Y="0" Z="-1.0225e-06" />
				<point X="-9.46226" Y="0" Z="-6.87474" />
				<point X="-3.61426" Y="0" Z="-11.1236" />
				<point X="3.61426" Y="0" Z="-11.1236" />
				<point X="9.46227" Y="0" Z="-6.87473" />
			</translate>
			<rotate time="30" axisX="0" axisY="-1" axisZ="0" />
			<scale X="0.645" Y="0.645" Z="0.645" />
			<models>
				<model file = "esfera.3d"/>
			</models>
		</group>
		<!--TERRA-->
		<group>
			<translate time="60">
				<point X="14.446" Y="0" Z="0" />
				<point X="11.6871" Y="0" Z="8.49115" />
				<point X="4.46406" Y="0" Z="13.739" />
				<point X="-4.46406" Y="0" Z="13.739" />
				<point X="-11.6871" Y="0" Z="8.49115" />
				<point X="-14.446" Y="0" Z="-1.26291e-06" />
				<point X="-11.6871" Y="0" Z="-8.49115" />
				<point X="-4.46406" Y="0" Z="-13.739" />
				<point X="4.46406" Y="0" Z="-13.739" />
				<point X="11.6871" Y="0" Z="-8.49114" />
			</translate>
			<rotate angle="23" axisX="0" axisY="1" axisZ="1" />
			<group>
				<rotate time="20" axisX="0" axisY="1" axisZ="0" />
				<scale X="0.688" Y="0.688" Z="0.688" />
				<models>
					<model file = "esfera.3d"/>
				</models>
			<!--LUA-->
			<group>
				<translate time="15">
					<point X="2.064" Y="0" Z="0" />
					<point X="1.66981" Y="0" Z="1.21319" />
					<point X="0.637811" Y="0" Z="1.96298" />
					<point X="-0.637811" Y="0" Z="1.96298" />
					<point X="-1.66981" Y="0" Z="1.21319" />
					<point X="-2.064" Y="0" Z="-1.80441e-07" />
					<point X="-1.66981" Y="0" Z="-1.21319" />
					<point X="-0.637811" Y="0" Z="-1.96298" />
					<point X="0.637811" Y="0" Z="-1.96298" />
					<point X="1.66981" Y="0" Z="-1.21319" />
				</translate>
				<rotate time="30" axisX="0" axisY="1" axisZ="0" />
				<scale X="0.3" Y="0.3" Z="0.3" />
				<models>
					<model file = "esfera.3d"/>
				</models>
			</group>
			</group>
		</group>
		<!--MARTE-->
		<group>
			<translate time="90">
				<point X="18.226" Y="0" Z="0" />
				<point X="14.7451" Y="0" Z="10.713" />
				<point X="5.63214" Y="0" Z="17.334" />
				<point X="-5.63214" Y="0" Z="17.334" />
				<point X="-14.7451" Y="0" Z="10.713" />
				<point X="-18.226" Y="0" Z="-1.59337e-06" />
				<point X="-14.7451" Y="0" Z="-10.713" />
				<point X="-5.63215" Y="0" Z="-17.334" />
				<point X="5.63215" Y="0" Z="-17.334" />
				<point X="14.7451" Y="0" Z="-10.713" />
			</translate>
			<rotate angle="25" axisX="0" axisY="1" axisZ="1" />
			<group>
				<rotate time="30" axisX="0" axisY="1" axisZ="0" />
				<scale X="0.437" Y="0.437" Z="0.437" />
				<models>
					<model file = "esfera.3d"/>
				</models>
			</group>
		</group>
		<!--JUPITER-->
		<group>
			<translate time="150">
				<point X="32.44" Y="0" Z="0" />
				<point X="26.2445" Y="0" Z="19.0678" />
				<point X="10.0245" Y="0" Z="30.8523" />
				<point X="-10.0245" Y="0" Z="30.8523" />
				<point X="-26.2445" Y="0" Z="19.0678" />
				<point X="-32.44" Y="0" Z="-2.83599e-06" />
				<point X="-26.2445" Y="0" Z="-19.0678" />
				<point X="-10.0245" Y="0" Z="-30.8523" />
				<point X="10.0245" Y="0" Z="-30.8523" />
				<point X="26.2445" Y="0" Z="-19.0677" />
			</translate>
			<rotate angle="3" axisX="0" axisY="1" axisZ="1" />
			<group>
				<rotate time="25" axisX="0" axisY="1" axisZ="0" />
				<scale X="2.984" Y="2.984" Z="2.984" />
				<models>
					<model file = "esfera.3d"/>
				</models>
			</group>
		</group>
		<!--SATURNO-->
		<group>
			<translate time="200">
				<point X="46.639" Y="0" Z="0" />
				<point X="37.7317" Y="0" Z="27.4137" />
				<point X="14.4122" Y="0" Z="44.3563" />
				<point X="-14.4122" Y="0" Z="44.3563" />
				<point X="-37.7317" Y="0" Z="27.4137" />
				<point X="-46.639" Y="0" Z="-4.07731e-06" />
				<point X="-37.7317" Y="0" Z="-27.4137" />
				<point X="-14.4122" Y="0" Z="-44.3563" />
				<point X="14.4122" Y="0" Z="-44.3563" />
				<point X="37.7318" Y="0" Z="-27.4137" />
			</translate>
			<rotate angle="27" axisX="0" axisY="1" axisZ="1" />
			<group>
				<rotate angle="10" axisX="0" axisY="1" axisZ="0" />
				<scale X="2.614" Y="2.614" Z="2.614" />
			<group>
				<rotate time="20" axisX="0" axisY="1" axisZ="0" />
				<models>
					<model file = "esfera.3d"/>
				</models>
			</group>
				<!--ANEIS_SATURNO-->
				<group>
					<rotate angle="120" axisX="1" axisY="0.25" axisZ="0.25" />
					<scale X="1" Y="1" Z="0.01" />
					<models>
						<model file = "torus.3d"/>
					</models>
				</group>
			</group>
		</group>
		<!--URANO-->
		<group>
			<translate time="225">
				<point X="62.13" Y="0" Z="0" />
				<point X="50.2642" Y="0" Z="36.5191" />
				<point X="19.1992" Y="0" Z="59.0891" />
				<point X="-19.1992" Y="0" Z="59.0891" />
				<point X="-50.2642" Y="0" Z="36.5191" />
				<point X="-62.13" Y="0" Z="-5.43158e-06" />
				<point X="-50.2642" Y="0" Z="-36.5191" />
				<point X="-19.1992" Y="0" Z="-59.0891" />
				<point X="19.1992" Y="0" Z="-59.0891" />
				<point X="50.2642" Y="0" Z="-36.5191" />
			</translate>
			<rotate angle="98" axisX="1" axisY="0" axisZ="0" />
			<group>
				<rotate time="10" axisX="0" axisY="1" axisZ="0" />
				<scale X="1.528" Y="1.528" Z="1.528" />
				<models>
					<model file = "esfera.3d"/>
				</models>
			</group>
		</group>
		<!--NEPTUNO-->
		<group>
			<translate time="250">
				<point X="78.888" Y="0" Z="0" />
				<point X="63.8217" Y="0" Z="46.3692" />
				<point X="24.3777" Y="0" Z="75.0269" />
				<point X="-24.3777" Y="0" Z="75.0269" />
				<point X="-63.8217" Y="0" Z="46.3692" />
				<point X="-78.888" Y="0" Z="-6.89661e-06" />
				<point X="-63.8217" Y="0" Z="-46.3692" />
				<point X="-24.3777" Y="0" Z="-75.0269" />
				<point X="24.3777" Y="0" Z="-75.0269" />
				<point X="63.8218" Y="0" Z="-46.3692" />
			</translate>
			<rotate angle="28" axisX="0" axisY="1" axisZ="1" />
			<group>
				<rotate time="20" axisX="0" axisY="1" axisZ="0" />
				<scale X="1.448" Y="1.448" Z="1.448" />
				<models>
					<model file = "esfera.3d"/>
				</models>
			</group>
		</group>
		<!--Foguetao-->
		<group>
			<translate X="69" Y="0" Z="0" />
			<scale X="0.8" Y="0.8" Z="0.8" />
			<models>
				<model file="cilindro.3d" />
			</models>
			<group>
				<translate X="0" Y="1" Z="0" />
			<scale X="0.8" Y="0.8" Z="0.8" />
				<models>
					<model file="cone.3d" />
				</models>
			</group>
			<group>
					<translate X="0" Y="0.25" Z="0" />
				<rotate angle="0" axisX="0" axisY="1" axisZ="0" />
				<group>
					<translate X="0.4" Y="0" Z="0" />
					<rotate angle="-135" axisX="0" axisY="0" axisZ="1" />
			<scale X="0.3" Y="0.7" Z="0.3" />
					<models>
						<model file="cone.3d" />
					</models>
				</group>
			</group>
			<group>
					<translate X="0" Y="0.25" Z="0" />
				<rotate angle="90" axisX="0" axisY="1" axisZ="0" />
				<group>
					<translate X="0.4" Y="0" Z="0" />
					<rotate angle="-135" axisX="0" axisY="0" axisZ="1" />
			<scale X="0.3" Y="0.7" Z="0.3" />
					<models>
						<model file="cone.3d" />
					</models>
				</group>
			</group>
			<group>
					<translate X="0" Y="0.25" Z="0" />
				<rotate angle="180" axisX="0" axisY="1" axisZ="0" />
				<group>
					<translate X="0.4" Y="0" Z="0" />
					<rotate angle="-135" axisX="0" axisY="0" axisZ="1" />
			<scale X="0.3" Y="0.7" Z="0.3" />
					<models>
						<model file="cone.3d" />
					</models>
				</group>
			</group>
			<group>
					<translate X="0" Y="0.25" Z="0" />
				<rotate angle="270" axisX="0" axisY="1" axisZ="0" />
				<group>
					<translate X="0.4" Y="0" Z="0" />
					<rotate angle="-135" axisX="0" axisY="0" axisZ="1" />
			<scale X="0.3" Y="0.7" Z="0.3" />
					<models>
						<model file="cone.3d" />
					</models>
				</group>
			</group>
		</group>
		<!--Cometa-->
		<group>
			<translate X="46.639" Y="0" Z="0" />
					<rotate angle="-135" axisX="1" axisY="0" axisZ="0" />
			<translate time="100">
				<point X="55.6878" Y="0" Z="0" />
				<point X="55.6603" Y="0.612218" Z="0" />
				<point X="55.5779" Y="1.22383" Z="0" />
				<point X="55.4406" Y="1.83424" Z="0" />
				<point X="55.2486" Y="2.44283" Z="0" />
				<point X="55.0021" Y="3.04902" Z="0" />
				<point X="54.7014" Y="3.6522" Z="0" />
				<point X="54.3466" Y="4.25177" Z="0" />
				<point X="53.9382" Y="4.84714" Z="0" />
				<point X="53.4766" Y="5.43774" Z="0" />
				<point X="52.9622" Y="6.02296" Z="0" />
				<point X="52.3955" Y="6.60224" Z="0" />
				<point X="51.7772" Y="7.17501" Z="0" />
				<point X="51.1077" Y="7.7407" Z="0" />
				<point X="50.3878" Y="8.29874" Z="0" />
				<point X="49.6181" Y="8.8486" Z="0" />
				<point X="48.7995" Y="9.38972" Z="0" />
				<point X="47.9328" Y="9.92158" Z="0" />
				<point X="47.0187" Y="10.4436" Z="0" />
				<point X="46.0583" Y="10.9554" Z="0" />
				<point X="45.0523" Y="11.4564" Z="0" />
				<point X="44.002" Y="11.946" Z="0" />
				<point X="42.9081" Y="12.4238" Z="0" />
				<point X="41.772" Y="12.8894" Z="0" />
				<point X="40.5946" Y="13.3423" Z="0" />
				<point X="39.3772" Y="13.782" Z="0" />
				<point X="38.1209" Y="14.2081" Z="0" />
				<point X="36.827" Y="14.6202" Z="0" />
				<point X="35.4967" Y="15.0179" Z="0" />
				<point X="34.1314" Y="15.4007" Z="0" />
				<point X="32.7324" Y="15.7683" Z="0" />
				<point X="31.3012" Y="16.1204" Z="0" />
				<point X="29.839" Y="16.4566" Z="0" />
				<point X="28.3474" Y="16.7765" Z="0" />
				<point X="26.8278" Y="17.0798" Z="0" />
				<point X="25.2817" Y="17.3664" Z="0" />
				<point X="23.7107" Y="17.6357" Z="0" />
				<point X="22.1163" Y="17.8877" Z="0" />
				<point X="20.5" Y="18.122" Z="0" />
				<point X="18.8636" Y="18.3384" Z="0" />
				<point X="17.2085" Y="18.5368" Z="0" />
				<point X="15.5364" Y="18.7168" Z="0" />
				<point X="13.849" Y="18.8784" Z="0" />
				<point X="12.1479" Y="19.0213" Z="0" />
				<point X="10.4348" Y="19.1455" Z="0" />
				<point X="8.71148" Y="19.2507" Z="0" />
				<point X="6.97952" Y="19.337" Z="0" />
				<point X="5.24067" Y="19.4042" Z="0" />
				<point X="3.49665" Y="19.4523" Z="0" />
				<point X="1.74919" Y="19.4811" Z="0" />
				<point X="-2.43419e-06" Y="19.4907" Z="0" />
				<point X="-1.7492" Y="19.4811" Z="0" />
				<point X="-3.49667" Y="19.4523" Z="0" />
				<point X="-5.24068" Y="19.4042" Z="0" />
				<point X="-6.97953" Y="19.337" Z="0" />
				<point X="-8.71149" Y="19.2507" Z="0" />
				<point X="-10.4349" Y="19.1455" Z="0" />
				<point X="-12.1479" Y="19.0213" Z="0" />
				<point X="-13.849" Y="18.8784" Z="0" />
				<point X="-15.5364" Y="18.7168" Z="0" />
				<point X="-17.2085" Y="18.5368" Z="0" />
				<point X="-18.8636" Y="18.3384" Z="0" />
				<point X="-20.5" Y="18.122" Z="0" />
				<point X="-22.1163" Y="17.8877" Z="0" />
				<point X="-23.7107" Y="17.6357" Z="0" />
				<point X="-25.2817" Y="17.3664" Z="0" />
				<point X="-26.8278" Y="17.0798" Z="0" />
				<point X="-28.3474" Y="16.7765" Z="0" />
				<point X="-29.839" Y="16.4566" Z="0" />
				<point X="-31.3012" Y="16.1204" Z="0" />
				<point X="-32.7324" Y="15.7683" Z="0" />
				<point X="-34.1314" Y="15.4007" Z="0" />
				<point X="-35.4967" Y="15.0178" Z="0" />
				<point X="-36.827" Y="14.6202" Z="0" />
				<point X="-38.1209" Y="14.2081" Z="0" />
				<point X="-39.3772" Y="13.782" Z="0" />
				<point X="-40.5946" Y="13.3423" Z="0" />
				<point X="-41.772" Y="12.8894" Z="0" />
				<point X="-42.9082" Y="12.4238" Z="0" />
				<point X="-44.002" Y="11.946" Z="0" />
				<point X="-45.0523" Y="11.4564" Z="0" />
				<point X="-46.0583" Y="10.9554" Z="0" />
				<point X="-47.0187" Y="10.4436" Z="0" />
				<point X="-47.9328" Y="9.92158" Z="0" />
				<point X="-48.7995" Y="9.38972" Z="0" />
				<point X="-49.6182" Y="8.8486" Z="0" />
				<point X="-50.3878" Y="8.29874" Z="0" />
				<point X="-51.1077" Y="7.74069" Z="0" />
				<point X="-51.7772" Y="7.17501" Z="0" />
				<point X="-52.3955" Y="6.60224" Z="0" />
				<point X="-52.9622" Y="6.02296" Z="0" />
				<point X="-53.4766" Y="5.43773" Z="0" />
				<point X="-53.9382" Y="4.84714" Z="0" />
				<point X="-54.3466" Y="4.25176" Z="0" />
				<point X="-54.7014" Y="3.65219" Z="0" />
				<point X="-55.0021" Y="3.04901" Z="0" />
				<point X="-55.2486" Y="2.44283" Z="0" />
				<point X="-55.4406" Y="1.83424" Z="0" />
				<point X="-55.5779" Y="1.22383" Z="0" />
				<point X="-55.6603" Y="0.612217" Z="0" />
				<point X="-55.6878" Y="-1.70393e-06" Z="0" />
				<point X="-55.6603" Y="-0.61222" Z="0" />
				<point X="-55.5779" Y="-1.22383" Z="0" />
				<point X="-55.4406" Y="-1.83424" Z="0" />
				<point X="-55.2486" Y="-2.44284" Z="0" />
				<point X="-55.0021" Y="-3.04902" Z="0" />
				<point X="-54.7014" Y="-3.6522" Z="0" />
				<point X="-54.3466" Y="-4.25177" Z="0" />
				<point X="-53.9382" Y="-4.84715" Z="0" />
				<point X="-53.4766" Y="-5.43774" Z="0" />
				<point X="-52.9622" Y="-6.02297" Z="0" />
				<point X="-52.3955" Y="-6.60225" Z="0" />
				<point X="-51.7772" Y="-7.17501" Z="0" />
				<point X="-51.1077" Y="-7.7407" Z="0" />
				<point X="-50.3878" Y="-8.29875" Z="0" />
				<point X="-49.6181" Y="-8.8486" Z="0" />
				<point X="-48.7995" Y="-9.38973" Z="0" />
				<point X="-47.9328" Y="-9.92159" Z="0" />
				<point X="-47.0187" Y="-10.4436" Z="0" />
				<point X="-46.0583" Y="-10.9554" Z="0" />
				<point X="-45.0523" Y="-11.4564" Z="0" />
				<point X="-44.002" Y="-11.946" Z="0" />
				<point X="-42.9081" Y="-12.4239" Z="0" />
				<point X="-41.772" Y="-12.8894" Z="0" />
				<point X="-40.5946" Y="-13.3423" Z="0" />
				<point X="-39.3772" Y="-13.782" Z="0" />
				<point X="-38.1209" Y="-14.2081" Z="0" />
				<point X="-36.827" Y="-14.6202" Z="0" />
				<point X="-35.4967" Y="-15.0179" Z="0" />
				<point X="-34.1314" Y="-15.4007" Z="0" />
				<point X="-32.7324" Y="-15.7683" Z="0" />
				<point X="-31.3011" Y="-16.1204" Z="0" />
				<point X="-29.839" Y="-16.4566" Z="0" />
				<point X="-28.3474" Y="-16.7765" Z="0" />
				<point X="-26.8278" Y="-17.0798" Z="0" />
				<point X="-25.2817" Y="-17.3664" Z="0" />
				<point X="-23.7107" Y="-17.6357" Z="0" />
				<point X="-22.1163" Y="-17.8877" Z="0" />
				<point X="-20.5" Y="-18.122" Z="0" />
				<point X="-18.8635" Y="-18.3384" Z="0" />
				<point X="-17.2084" Y="-18.5368" Z="0" />
				<point X="-15.5364" Y="-18.7168" Z="0" />
				<point X="-13.849" Y="-18.8784" Z="0" />
				<point X="-12.1479" Y="-19.0213" Z="0" />
				<point X="-10.4348" Y="-19.1455" Z="0" />
				<point X="-8.71146" Y="-19.2508" Z="0" />
				<point X="-6.9795" Y="-19.337" Z="0" />
				<point X="-5.24066" Y="-19.4042" Z="0" />
				<point X="-3.49664" Y="-19.4523" Z="0" />
				<point X="-1.74917" Y="-19.4811" Z="0" />
				<point X="6.6407e-07" Y="-19.4907" Z="0" />
				<point X="1.7492" Y="-19.4811" Z="0" />
				<point X="3.49667" Y="-19.4523" Z="0" />
				<point X="5.24068" Y="-19.4042" Z="0" />
				<point X="6.97953" Y="-19.337" Z="0" />
				<point X="8.71149" Y="-19.2507" Z="0" />
				<point X="10.4348" Y="-19.1455" Z="0" />
				<point X="12.1479" Y="-19.0213" Z="0" />
				<point X="13.849" Y="-18.8784" Z="0" />
				<point X="15.5364" Y="-18.7168" Z="0" />
				<point X="17.2085" Y="-18.5368" Z="0" />
				<point X="18.8636" Y="-18.3384" Z="0" />
				<point X="20.5" Y="-18.122" Z="0" />
				<point X="22.1163" Y="-17.8877" Z="0" />
				<point X="23.7107" Y="-17.6357" Z="0" />
				<point X="25.2817" Y="-17.3664" Z="0" />
				<point X="26.8278" Y="-17.0798" Z="0" />
				<point X="28.3474" Y="-16.7765" Z="0" />
				<point X="29.839" Y="-16.4566" Z="0" />
				<point X="31.3012" Y="-16.1204" Z="0" />
				<point X="32.7325" Y="-15.7683" Z="0" />
				<point X="34.1314" Y="-15.4007" Z="0" />
				<point X="35.4967" Y="-15.0178" Z="0" />
				<point X="36.827" Y="-14.6202" Z="0" />
				<point X="38.1209" Y="-14.2081" Z="0" />
				<point X="39.3772" Y="-13.782" Z="0" />
				<point X="40.5946" Y="-13.3423" Z="0" />
				<point X="41.772" Y="-12.8894" Z="0" />
				<point X="42.9082" Y="-12.4238" Z="0" />
				<point X="44.002" Y="-11.946" Z="0" />
				<point X="45.0524" Y="-11.4563" Z="0" />
				<point X="46.0583" Y="-10.9554" Z="0" />
				<point X="47.0187" Y="-10.4436" Z="0" />
				<point X="47.9328" Y="-9.92157" Z="0" />
				<point X="48.7996" Y="-9.38972" Z="0" />
				<point X="49.6182" Y="-8.84859" Z="0" />
				<point X="50.3878" Y="-8.29873" Z="0" />
				<point X="51.1077" Y="-7.74069" Z="0" />
				<point X="51.7772" Y="-7.175" Z="0" />
				<point X="52.3955" Y="-6.60223" Z="0" />
				<point X="52.9622" Y="-6.02295" Z="0" />
				<point X="53.4766" Y="-5.43773" Z="0" />
				<point X="53.9382" Y="-4.84713" Z="0" />
				<point X="54.3466" Y="-4.25177" Z="0" />
				<point X="54.7014" Y="-3.65219" Z="0" />
				<point X="55.0021" Y="-3.04902" Z="0" />
				<point X="55.2486" Y="-2.44283" Z="0" />
				<point X="55.4406" Y="-1.83424" Z="0" />
				<point X="55.5779" Y="-1.22383" Z="0" />
				<point X="55.6603" Y="-0.612215" Z="0" />
			</translate>
			<scale X="0.688" Y="0.688" Z="0.688" />
			<models>
				<model file = "esfera.3d"/>
			</models>
		</group>
	</group>
</scene>
